id,rxn_smiles,retro_templates,cano_rxn_smiles
6,[Cl:1][C:2]1[N:3]=[CH:4][C:5]2[C:10]([CH:11]=1)=[C:9]([N+:12]([O-])=O)[CH:8]=[CH:7][CH:6]=2>C(O)(=O)C.[Fe]>[Cl:1][C:2]1[N:3]=[CH:4][C:5]2[C:10]([CH:11]=1)=[C:9]([NH2:12])[CH:8]=[CH:7][CH:6]=2,[NH2;D1;+0:1]-[c:2]>>O=[N+;H0;D3:1](-[O-])-[c:2],O=[N+]([O-])c1cccc2cnc(Cl)cc12>CC(=O)O.[Fe]>Nc1cccc2cnc(Cl)cc12
0,[Br:1][CH2:2][CH2:3][OH:4].[CH2:5]([S:7](Cl)(=[O:9])=[O:8])[CH3:6]>C(N(CC)CC)C>[CH2:5]([S:7]([O:4][CH2:3][CH2:2][Br:1])(=[O:9])=[O:8])[CH3:6],[C:5]-[O;H0;D2;+0:6]-[S;H0;D4;+0:1](-[C:2])(=[O;D1;H0:3])=[O;D1;H0:4]>>Cl-[S;H0;D4;+0:1](-[C:2])(=[O;D1;H0:3])=[O;D1;H0:4].[C:5]-[OH;D1;+0:6],CCS(=O)(=O)Cl.OCCBr>CCN(CC)CC>CCS(=O)(=O)OCCBr
2,[CH2:10]([S:14](Cl)(=[O:16])=[O:15])[CH:11]([CH3:13])[CH3:12].[CH2:1]([Cl:4])[CH2:2][OH:3]>C(N(CC)CC)C>[CH2:10]([S:14]([O:3][CH2:2][CH2:1][Cl:4])(=[O:16])=[O:15])[CH:11]([CH3:13])[CH3:12],[C:2]-[S;H0;D4;+0:1](=[O;D1;H0:3])(=[O;D1;H0:4])-[O;H0;D2;+0:6]-[C:5]>>Cl-[S;H0;D4;+0:1](-[C:2])(=[O;D1;H0:3])=[O;D1;H0:4].[C:5]-[OH;D1;+0:6],CC(C)CS(=O)(=O)Cl.OCCCl>CCN(CC)CC>CC(C)CS(=O)(=O)OCCCl
1,[Br:1][CH2:2][CH2:3][CH2:4][OH:5].[CH3:6][S:7](Cl)(=[O:9])=[O:8]>C(N(CC)CC)C>[CH3:6][S:7]([O:5][CH2:4][CH2:3][CH2:2][Br:1])(=[O:9])=[O:8],[C:5]-[O;H0;D2;+0:6]-[S;H0;D4;+0:1](-[C;D1;H3:2])(=[O;D1;H0:3])=[O;D1;H0:4]>>Cl-[S;H0;D4;+0:1](-[C;D1;H3:2])(=[O;D1;H0:3])=[O;D1;H0:4].[C:5]-[OH;D1;+0:6],CS(=O)(=O)Cl.OCCCBr>CCN(CC)CC>CS(=O)(=O)OCCCBr
22,CC(O[CH2:5][C:6]1[CH2:28][S:27][C@@H:9]2[C@H:10]([NH:13]C(C(OC(C)=O)C3C=CC=CC=3)=O)[C:11](=[O:12])[N:8]2[C:7]=1[C:29]([OH:31])=[O:30])=O>O>[CH3:5][C:6]1[CH2:28][S:27][C@@H:9]2[C@H:10]([NH2:13])[C:11](=[O:12])[N:8]2[C:7]=1[C:29]([OH:31])=[O:30],[CH3;D1;+0:1]-[C:2]=[C:3]-[#7:4]-[C:5](=[O;D1;H0:6])-[C:7]-[NH2;D1;+0:8]>>C-C(=O)-O-[CH2;D2;+0:1]-[C:2]=[C:3]-[#7:4]-[C:5](=[O;D1;H0:6])-[C:7]-[NH;D2;+0:8]-C(=O)-C(-O-C(-C)=O)-c1:c:c:c:c:c:1,CC(=O)OCC1=C(C(=O)O)N2C(=O)[C@@H](NC(=O)C(OC(C)=O)c3ccccc3)[C@H]2SC1>O>CC1=C(C(=O)O)N2C(=O)[C@@H](N)[C@H]2SC1
7,P(Cl)(Cl)([Cl:18])=O.[CH3:1][C:2]1[N+:3]([O-])=[CH:4][C:5]2[C:10]([CH:11]=1)=[C:9]([N+:12]([O-:14])=[O:13])[CH:8]=[CH:7][CH:6]=2>>[Cl:18][C:4]1[C:5]2[C:10](=[C:9]([N+:12]([O-:14])=[O:13])[CH:8]=[CH:7][CH:6]=2)[CH:11]=[C:2]([CH3:1])[N:3]=1,[Cl;H0;D1;+0:1]-[c;H0;D3;+0:4](:[c:5]):[n;H0;D2;+0:2]:[c:3]>>Cl-P(-Cl)(=O)-[Cl;H0;D1;+0:1].[O-]-[n+;H0;D3:2](:[c:3]):[cH;D2;+0:4]:[c:5],Cc1cc2c([N+](=O)[O-])cccc2c[n+]1[O-].O=P(Cl)(Cl)Cl>>Cc1cc2c([N+](=O)[O-])cccc2c(Cl)n1
21,[OH:2][C@@H:3]([CH2:21][CH2:22][CH2:23][CH2:24][CH3:25])[CH:4]=[CH:5][CH:6]1[CH:10]=[CH:9][C:8](=[O:11])[CH:7]1[CH2:12][CH:13]=[CH:14][CH2:15][CH2:16][CH2:17][C:18]([OH:20])=[O:19]>C(O)C>[OH:2][C@@H:3]([CH2:21][CH2:22][CH2:23][CH2:24][CH3:25])[CH:4]=[CH:5][CH:6]1[CH2:10][CH2:9][C:8](=[O:11])[CH:7]1[CH2:12][CH:13]=[CH:14][CH2:15][CH2:16][CH2:17][C:18]([OH:20])=[O:19],[C:1]=[C:2]-[C:3]-[CH2;D2;+0:4]-[CH2;D2;+0:5]-[C:6]=[O;D1;H0:7]>>[C:1]=[C:2]-[C:3]-[CH;D2;+0:4]=[CH;D2;+0:5]-[C:6]=[O;D1;H0:7],CCCCC[C@H](O)C=CC1C=CC(=O)C1CC=CCCCC(=O)O>CCO>CCCCC[C@H](O)C=CC1CCC(=O)C1CC=CCCCC(=O)O
31,S(Cl)([Cl:18])=O.[CH3:1][O:2][C:3]1[C:4]([C:13]([OH:15])=O)=[CH:5][C:6]2[C:11]([CH:12]=1)=[CH:10][CH:9]=[CH:8][CH:7]=2>C1C=CC=CC=1>[CH3:1][O:2][C:3]1[C:4]([C:13]([Cl:18])=[O:15])=[CH:5][C:6]2[C:11]([CH:12]=1)=[CH:10][CH:9]=[CH:8][CH:7]=2,[Cl;H0;D1;+0:1]-[C;H0;D3;+0:2](=[O;H0;D1;+0:3])-[c:4]>>Cl-S(=O)-[Cl;H0;D1;+0:1].O=[C;H0;D3;+0:2](-[OH;D1;+0:3])-[c:4],COc1cc2ccccc2cc1C(=O)O.O=S(Cl)Cl>c1ccccc1>COc1cc2ccccc2cc1C(=O)Cl
50,[C:1]([C:6]1[CH:17]=[CH:16][C:9]2[N:10]3[CH2:15][CH2:14][CH2:13][C:11]3=[N:12][C:8]=2[CH:7]=1)([O:3]CC)=[O:2]>C(O)C.[OH-].[Na+]>[C:1]([C:6]1[CH:17]=[CH:16][C:9]2[N:10]3[CH2:15][CH2:14][CH2:13][C:11]3=[N:12][C:8]=2[CH:7]=1)([OH:3])=[O:2],[O;D1;H0:3]=[C:2]-[OH;D1;+0:1]>>C-C-[O;H0;D2;+0:1]-[C:2]=[O;D1;H0:3],CCOC(=O)c1ccc2c(c1)nc1n2CCC1>CCO.[Na+].[OH-]>O=C(O)c1ccc2c(c1)nc1n2CCC1
42,[CH2:1]([S:3][C:4]1[CH:26]=[CH:25][C:7]2[N:8]([CH3:24])[C:9]3[CH:23]=[CH:22][CH:21]=[CH:20][C:10]=3[CH2:11][C:12](O)([CH2:13][C:14]([O:16][CH2:17][CH3:18])=[O:15])[C:6]=2[CH:5]=1)[CH3:2]>C(O)C>[CH2:1]([S:3][C:4]1[CH:26]=[CH:25][C:7]2[N:8]([CH3:24])[C:9]3[CH:23]=[CH:22][CH:21]=[CH:20][C:10]=3[CH2:11][C:12](=[CH:13][C:14]([O:16][CH2:17][CH3:18])=[O:15])[C:6]=2[CH:5]=1)[CH3:2],[#8:6]-[C:5](=[O;D1;H0:7])-[CH;D2;+0:4]=[C;H0;D3;+0:1](-[C:2])-[c:3]>>O-[C;H0;D4;+0:1](-[C:2])(-[c:3])-[CH2;D2;+0:4]-[C:5](-[#8:6])=[O;D1;H0:7],CCOC(=O)CC1(O)Cc2ccccc2N(C)c2ccc(SCC)cc21>CCO>CCOC(=O)C=C1Cc2ccccc2N(C)c2ccc(SCC)cc21
51,[C:14](OC(=O)C)(=[O:16])[CH3:15].[NH2:1][C:2]1[CH:3]=[CH:4][C:5]2[N:9]=[C:8]3[CH2:10][CH2:11][CH2:12][N:7]3[C:6]=2[CH:13]=1>C1C=CC=CC=1>[C:14]([NH:1][C:2]1[CH:3]=[CH:4][C:5]2[N:9]=[C:8]3[CH2:10][CH2:11][CH2:12][N:7]3[C:6]=2[CH:13]=1)(=[O:16])[CH3:15],[C;D1;H3:2]-[C;H0;D3;+0:1](=[O;D1;H0:3])-[NH;D2;+0:4]-[c:5]>>C-C(=O)-O-[C;H0;D3;+0:1](-[C;D1;H3:2])=[O;D1;H0:3].[NH2;D1;+0:4]-[c:5],CC(=O)OC(C)=O.Nc1ccc2nc3n(c2c1)CCC3>c1ccccc1>CC(=O)Nc1ccc2nc3n(c2c1)CCC3
49,N[C:2]1[CH:3]=[CH:4][C:5]2[N:9]=[C:8]3[CH2:10][CH2:11][CH2:12][N:7]3[C:6]=2[CH:13]=1.[ClH:18]>O>[Cl:18][C:2]1[CH:3]=[CH:4][C:5]2[N:9]=[C:8]3[CH2:10][CH2:11][CH2:12][N:7]3[C:6]=2[CH:13]=1,[#7;a:5]:[c:4]:[c:3]:[c;H0;D3;+0:1](-[Cl;H0;D1;+0:6]):[c:2]>>N-[c;H0;D3;+0:1](:[c:2]):[c:3]:[c:4]:[#7;a:5].[ClH;D0;+0:6],Cl.Nc1ccc2nc3n(c2c1)CCC3>O>Clc1ccc2nc3n(c2c1)CCC3
55,[CH:12]#[N:13].[C:1]([NH:5][N:6]=[C:7]([CH:9]1[CH2:11][CH2:10]1)[CH3:8])([CH3:4])([CH3:3])[CH3:2]>>[C:1]([NH:5][NH:6][C:7]([C:12]#[N:13])([CH:9]1[CH2:10][CH2:11]1)[CH3:8])([CH3:4])([CH3:2])[CH3:3],[#7:1]-[NH;D2;+0:2]-[C;H0;D4;+0:3](-[C:4])(-[C;D1;H3:5])-[C;H0;D2;+0:6]#[N;D1;H0:7]>>[#7:1]-[N;H0;D2;+0:2]=[C;H0;D3;+0:3](-[C:4])-[C;D1;H3:5].[CH;D1;+0:6]#[N;D1;H0:7],C#N.CC(=NNC(C)(C)C)C1CC1>>CC(C)(C)NNC(C)(C#N)C1CC1
40,[CH3:9][N:10]1[C:16]2[CH:17]=[CH:18][CH:19]=[CH:20][C:15]=2[C:14](=[O:21])[CH2:13][C:12]2[CH:22]=[CH:23][CH:24]=[CH:25][C:11]1=2.C1C(=O)N([Br:8])C(=O)C1>CN(C)C=O>[Br:8][C:19]1[CH:18]=[CH:17][C:16]2[N:10]([CH3:9])[C:11]3[CH:25]=[CH:24][CH:23]=[CH:22][C:12]=3[CH2:13][C:14](=[O:21])[C:15]=2[CH:20]=1,[Br;H0;D1;+0:1]-[c;H0;D3;+0:3](:[c:2]):[c:4]>>O=C1-C-C-C(=O)-N-1-[Br;H0;D1;+0:1].[c:2]:[cH;D2;+0:3]:[c:4],CN1c2ccccc2CC(=O)c2ccccc21.O=C1CCC(=O)N1Br>CN(C)C=O>CN1c2ccccc2CC(=O)c2cc(Br)ccc21
54,[C:3]([NH:7][NH:8][C:9]1([C:18]#[N:19])[CH2:14][CH:13]([CH3:15])[CH2:12][C:11]([CH3:17])([CH3:16])[CH2:10]1)([CH3:6])([CH3:5])[CH3:4]>>[C:3]([N:7]=[N:8][C:9]1([C:18]#[N:19])[CH2:14][CH:13]([CH3:15])[CH2:12][C:11]([CH3:17])([CH3:16])[CH2:10]1)([CH3:5])([CH3:4])[CH3:6],[C:1]-[N;H0;D2;+0:2]=[N;H0;D2;+0:3]-[C:4]>>[C:1]-[NH;D2;+0:2]-[NH;D2;+0:3]-[C:4],CC1CC(C)(C)CC(C#N)(NNC(C)(C)C)C1>>CC1CC(C)(C)CC(C#N)(N=NC(C)(C)C)C1
56,[C:1]([NH:5][NH:6][C:7]([C:12]#[N:13])([CH:9]1[CH2:11][CH2:10]1)[CH3:8])([CH3:4])([CH3:3])[CH3:2]>O>[C:1]([N:5]=[N:6][C:7]([C:12]#[N:13])([CH:9]1[CH2:10][CH2:11]1)[CH3:8])([CH3:2])([CH3:3])[CH3:4],[C:1]-[N;H0;D2;+0:2]=[N;H0;D2;+0:3]-[C:4]>>[C:1]-[NH;D2;+0:2]-[NH;D2;+0:3]-[C:4],CC(C)(C)NNC(C)(C#N)C1CC1>O>CC(C)(C)N=NC(C)(C#N)C1CC1
41,[Br:1][C:2]1[CH:18]=[CH:17][C:5]2[N:6]([CH3:16])[C:7]3[CH:15]=[CH:14][CH:13]=[CH:12][C:8]=3[CH2:9][C:10](=[O:11])[C:4]=2[CH:3]=1.[CH2:19](O)[CH3:20]>C(N(CC)CC)C>[Br:1][C:2]1[CH:18]=[CH:17][C:5]2[N:6]([CH3:16])[C:7]3[CH:15]=[CH:14][CH:13]=[CH:12][C:8]=3[CH:9]=[C:10]([O:11][CH2:19][CH3:20])[C:4]=2[CH:3]=1,[C;D1;H3:2]-[CH2;D2;+0:1]-[O;H0;D2;+0:3]-[C;H0;D3;+0:4](-[c:5])=[CH;D2;+0:6]-[c:7]>>O-[CH2;D2;+0:1]-[C;D1;H3:2].[O;H0;D1;+0:3]=[C;H0;D3;+0:4](-[c:5])-[CH2;D2;+0:6]-[c:7],CCO.CN1c2ccccc2CC(=O)c2cc(Br)ccc21>CCN(CC)CC>CCOC1=Cc2ccccc2N(C)c2ccc(Br)cc21
43,[CH2:1]([S:3][C:4]1[CH:25]=[CH:24][C:7]2[N:8]([CH3:23])[C:9]3[CH:22]=[CH:21][CH:20]=[CH:19][C:10]=3[CH2:11][C:12](=[CH:13][C:14]([O:16]CC)=[O:15])[C:6]=2[CH:5]=1)[CH3:2]>C(O)C>[CH2:1]([S:3][C:4]1[CH:25]=[CH:24][C:7]2[N:8]([CH3:23])[C:9]3[CH:22]=[CH:21][CH:20]=[CH:19][C:10]=3[CH:11]=[C:12]([CH2:13][C:14]([OH:16])=[O:15])[C:6]=2[CH:5]=1)[CH3:2],[O;D1;H0:3]=[C:2](-[OH;D1;+0:1])-[CH2;D2;+0:4]-[C;H0;D3;+0:5](-[c:6])=[CH;D2;+0:7]-[c:8]>>C-C-[O;H0;D2;+0:1]-[C:2](=[O;D1;H0:3])-[CH;D2;+0:4]=[C;H0;D3;+0:5](-[c:6])-[CH2;D2;+0:7]-[c:8],CCOC(=O)C=C1Cc2ccccc2N(C)c2ccc(SCC)cc21>CCO>CCSc1ccc2c(c1)C(CC(=O)O)=Cc1ccccc1N2C
58,[C:1]([NH:5][NH:6][C:7]1([C:15]#[N:16])[CH2:14][CH2:13][CH2:12][CH2:11][CH2:10][CH2:9][CH2:8]1)([CH3:4])([CH3:3])[CH3:2]>>[C:1]([N:5]=[N:6][C:7]1([C:15]#[N:16])[CH2:14][CH2:13][CH2:12][CH2:11][CH2:10][CH2:9][CH2:8]1)([CH3:4])([CH3:2])[CH3:3],[C:1]-[N;H0;D2;+0:2]=[N;H0;D2;+0:3]-[C:4]>>[C:1]-[NH;D2;+0:2]-[NH;D2;+0:3]-[C:4],CC(C)(C)NNC1(C#N)CCCCCCC1>>CC(C)(C)N=NC1(C#N)CCCCCCC1
60,[C:1]([NH:5][NH:6][C:7]1([C:14]#[N:15])[CH2:13][CH2:12][CH2:11][CH2:10][CH2:9][CH2:8]1)([CH3:4])([CH3:3])[CH3:2]>>[C:1]([N:5]=[N:6][C:7]1([C:14]#[N:15])[CH2:13][CH2:12][CH2:11][CH2:10][CH2:9][CH2:8]1)([CH3:4])([CH3:2])[CH3:3],[C:1]-[N;H0;D2;+0:2]=[N;H0;D2;+0:3]-[C:4]>>[C:1]-[NH;D2;+0:2]-[NH;D2;+0:3]-[C:4],CC(C)(C)NNC1(C#N)CCCCCC1>>CC(C)(C)N=NC1(C#N)CCCCCC1
53,[C:11]1(=O)[CH2:16][CH2:15][CH2:14][CH2:13][CH2:12]1.[C-:8]#[N:9].[C:2]([NH:6][NH2:7])([CH3:5])([CH3:4])[CH3:3]>O.CCCCCC>[C:2]([NH:6][NH:7][C:11]1([C:8]#[N:9])[CH2:16][CH2:15][CH2:14][CH2:13][CH2:12]1)([CH3:5])([CH3:4])[CH3:3],[#7:4]-[NH;D2;+0:5]-[C;H0;D4;+0:1](-[C:2])(-[C:3])-[C;H0;D2;+0:6]#[N;D1;H0:7]>>O=[C;H0;D3;+0:1](-[C:2])-[C:3].[#7:4]-[NH2;D1;+0:5].[C-;H0;D1:6]#[N;D1;H0:7],CC(C)(C)NN.O=C1CCCCC1.[C-]#N>CCCCCC.O>CC(C)(C)NNC1(C#N)CCCCC1
61,[Cl:20]Cl.[C:1]([NH:5][N:6]=[C:7]([CH2:9][CH:10]([CH3:12])[CH3:11])[CH3:8])([CH3:4])([CH3:3])[CH3:2]>CCCCC>[C:1]([N:5]=[N:6][C:7]([Cl:20])([CH2:9][CH:10]([CH3:12])[CH3:11])[CH3:8])([CH3:4])([CH3:3])[CH3:2],[C:2]-[N;H0;D2;+0:3]=[N;H0;D2;+0:4]-[C;H0;D4;+0:5](-[C:6])(-[C;D1;H3:7])-[Cl;H0;D1;+0:1]>>Cl-[Cl;H0;D1;+0:1].[C:2]-[NH;D2;+0:3]-[N;H0;D2;+0:4]=[C;H0;D3;+0:5](-[C:6])-[C;D1;H3:7],CC(CC(C)C)=NNC(C)(C)C.ClCl>CCCCC>CC(C)CC(C)(Cl)N=NC(C)(C)C
63,[C:3]([N:7]=[N:8][C:9]([C:17]#[N:18])([CH3:16])[CH2:10][C:11]([O:13]CC)=[O:12])([CH3:6])([CH3:5])[CH3:4]>CO>[C:3]([N:7]=[N:8][C:9]([C:17]#[N:18])([CH3:16])[CH2:10][C:11]([OH:13])=[O:12])([CH3:6])([CH3:4])[CH3:5],[O;D1;H0:3]=[C:2]-[OH;D1;+0:1]>>C-C-[O;H0;D2;+0:1]-[C:2]=[O;D1;H0:3],CCOC(=O)CC(C)(C#N)N=NC(C)(C)C>CO>CC(C)(C)N=NC(C)(C#N)CC(=O)O
48,[Br:1][C:2]1[C:13](N)=[CH:12][C:5]2[N:6]3[CH2:11][CH2:10][CH2:9][C:7]3=[N:8][C:4]=2[CH:3]=1.[C-:25]#[N:26]>O.Cl>[Br:1][C:2]1[C:13]([C:25]#[N:26])=[CH:12][C:5]2[N:6]3[CH2:11][CH2:10][CH2:9][C:7]3=[N:8][C:4]=2[CH:3]=1,[#7;a:5]:[c:4]:[c:3]:[c;H0;D3;+0:1](:[c:2])-[C;H0;D2;+0:6]#[N;D1;H0:7]>>N-[c;H0;D3;+0:1](:[c:2]):[c:3]:[c:4]:[#7;a:5].[C-;H0;D1:6]#[N;D1;H0:7],Nc1cc2c(cc1Br)nc1n2CCC1.[C-]#N>Cl.O>N#Cc1cc2c(cc1Br)nc1n2CCC1
45,[CH3:33][NH:34][CH3:35].[CH2:1]([S:3][C:4]1[CH:32]=[CH:31][C:7]2[N:8]([CH3:30])[C:9]3[CH:29]=[CH:28][CH:27]=[CH:26][C:10]=3[CH:11]=[C:12]([CH2:13][C:14]([O:16]C3C=CC([N+]([O-])=O)=CC=3)=O)[C:6]=2[CH:5]=1)[CH3:2]>C(Cl)(Cl)Cl>[CH2:1]([S:3][C:4]1[CH:32]=[CH:31][C:7]2[N:8]([CH3:30])[C:9]3[CH:29]=[CH:28][CH:27]=[CH:26][C:10]=3[CH:11]=[C:12]([CH2:13][C:14](=[O:16])[N:34]([CH3:35])[CH3:33])[C:6]=2[CH:5]=1)[CH3:2],[C:4]=[C:3]-[C:2]-[C;H0;D3;+0:1](=[O;H0;D1;+0:5])-[N;H0;D3;+0:7](-[C;D1;H3:6])-[C;D1;H3:8]>>O=[C;H0;D3;+0:1](-[C:2]-[C:3]=[C:4])-[O;H0;D2;+0:5]-c1:c:c:c(-[N+](=O)-[O-]):c:c:1.[C;D1;H3:6]-[NH;D2;+0:7]-[C;D1;H3:8],CCSc1ccc2c(c1)C(CC(=O)Oc1ccc([N+](=O)[O-])cc1)=Cc1ccccc1N2C.CNC>ClC(Cl)Cl>CCSc1ccc2c(c1)C(CC(=O)N(C)C)=Cc1ccccc1N2C
47,[CH2:4]([S:6][C:7]1[CH:27]=[CH:26][C:10]2[N:11]([CH3:25])[C:12]3[CH:24]=[CH:23][CH:22]=[CH:21][C:13]=3[CH:14]=[C:15]([CH2:16][CH2:17][N:18]([CH3:20])[CH3:19])[C:9]=2[CH:8]=1)[CH3:5].[OH-:29].[OH2:28]>C(O)(=O)C>[CH2:4]([S:6]([C:7]1[CH:27]=[CH:26][C:10]2[N:11]([CH3:25])[C:12]3[CH:24]=[CH:23][CH:22]=[CH:21][C:13]=3[CH:14]=[C:15]([CH2:16][CH2:17][N:18]([CH3:20])[CH3:19])[C:9]=2[CH:8]=1)(=[O:29])=[O:28])[CH3:5],[C:1]-[S;H0;D4;+0:2](=[O;H0;D1;+0:5])(=[O;H0;D1;+0:4])-[c:3]>>[C:1]-[S;H0;D2;+0:2]-[c:3].[OH-;D0:4].[OH2;D0;+0:5],CCSc1ccc2c(c1)C(CCN(C)C)=Cc1ccccc1N2C.O.[OH-]>CC(=O)O>CCS(=O)(=O)c1ccc2c(c1)C(CCN(C)C)=Cc1ccccc1N2C
28,CO[C:3]1[CH:4]=[C:5]([C:9]2([CH2:12][C:13]([Cl:16])([Cl:15])[Cl:14])[CH2:11][O:10]2)[CH:6]=[CH:7][CH:8]=1.[Br:117]C1C=CC(C2(CC(Cl)(Cl)Cl)CO2)=CC=1>>[Br:117][C:3]1[CH:4]=[C:5]([C:9]2([CH2:12][C:13]([Cl:16])([Cl:15])[Cl:14])[CH2:11][O:10]2)[CH:6]=[CH:7][CH:8]=1,[Br;H0;D1;+0:4]-[c;H0;D3;+0:1](:[c:2]):[c:3]>>C-O-[c;H0;D3;+0:1](:[c:2]):[c:3].Cl-C(-Cl)(-Cl)-C-C1(-c2:c:c:c(-[Br;H0;D1;+0:4]):c:c:2)-C-O-1,COc1cccc(C2(CC(Cl)(Cl)Cl)CO2)c1.ClC(Cl)(Cl)CC1(c2ccc(Br)cc2)CO1>>ClC(Cl)(Cl)CC1(c2cccc(Br)c2)CO1
46,[CH2:7]([S:9][C:10]1[CH:31]=[CH:30][C:13]2[N:14]([CH3:29])[C:15]3[CH:28]=[CH:27][CH:26]=[CH:25][C:16]=3[CH:17]=[C:18]([CH2:19][C:20](=O)[N:21]([CH3:23])[CH3:22])[C:12]=2[CH:11]=1)[CH3:8]>O1CCCC1>[CH2:7]([S:9][C:10]1[CH:31]=[CH:30][C:13]2[N:14]([CH3:29])[C:15]3[CH:28]=[CH:27][CH:26]=[CH:25][C:16]=3[CH:17]=[C:18]([CH2:19][CH2:20][N:21]([CH3:23])[CH3:22])[C:12]=2[CH:11]=1)[CH3:8],[#7:2]-[CH2;D2;+0:1]-[C:3]-[C:4]=[C:5]>>O=[C;H0;D3;+0:1](-[#7:2])-[C:3]-[C:4]=[C:5],CCSc1ccc2c(c1)C(CC(=O)N(C)C)=Cc1ccccc1N2C>C1CCOC1>CCSc1ccc2c(c1)C(CCN(C)C)=Cc1ccccc1N2C
57,[C:14]1(=O)[CH2:21]CCCCC[CH2:15]1.[C:1]([NH:5][NH:6][C:7]([C:12]#[N:13])([CH:9]1[CH2:11][CH2:10]1)[CH3:8])([CH3:4])([CH3:3])[CH3:2]>>[C:1]([NH:5][NH:6][C:7]1([C:12]#[N:13])[CH2:8][CH2:21][CH2:14][CH2:15][CH2:10][CH2:11][CH2:9]1)([CH3:2])([CH3:3])[CH3:4],[C:7]1-[CH2;D2;+0:8]-[CH2;D2;+0:2]-[CH2;D2;+0:1]-[CH2;D2;+0:3]-[CH2;D2;+0:4]-[C:5]-[CH2;D2;+0:6]-1>>O=[C;H0;D3;+0:1]1-[CH2;D2;+0:2]-C-C-C-C-C-[CH2;D2;+0:3]-1.[CH3;D1;+0:4]-[C:5]-[CH;D3;+0:6]1-[C:7]-[CH2;D2;+0:8]-1,CC(C)(C)NNC(C)(C#N)C1CC1.O=C1CCCCCCC1>>CC(C)(C)NNC1(C#N)CCCCCCC1
59,[C:14]1(=O)CCCCC[CH2:15]1.[C:1]([NH:5][NH:6][C:7]([C:12]#[N:13])([CH:9]1[CH2:11][CH2:10]1)[CH3:8])([CH3:4])([CH3:3])[CH3:2]>>[C:1]([NH:5][NH:6][C:7]1([C:12]#[N:13])[CH2:8][CH2:15][CH2:14][CH2:10][CH2:11][CH2:9]1)([CH3:2])([CH3:3])[CH3:4],[C:6]1-[CH2;D2;+0:7]-[CH2;D2;+0:1]-[CH2;D2;+0:2]-[CH2;D2;+0:3]-[C:4]-[CH2;D2;+0:5]-1>>O=[C;H0;D3;+0:1]1-C-C-C-C-C-[CH2;D2;+0:2]-1.[CH3;D1;+0:3]-[C:4]-[CH;D3;+0:5]1-[C:6]-[CH2;D2;+0:7]-1,CC(C)(C)NNC(C)(C#N)C1CC1.O=C1CCCCCC1>>CC(C)(C)NNC1(C#N)CCCCCC1
64,[C:1]([N:5]=[N:6][C:7]([C:14]#[N:15])([CH3:13])[CH2:8][CH2:9][C:10]([OH:12])=[O:11])([CH3:4])([CH3:3])[CH3:2].[OH:16]S(O)(=O)=O>>[C:1]([N:5]=[N:6][C:7]([C:14](=[O:16])[NH2:15])([CH3:13])[CH2:8][CH2:9][C:10]([OH:12])=[O:11])([CH3:4])([CH3:2])[CH3:3],[C:2]-[C;H0;D3;+0:3](-[NH2;D1;+0:4])=[O;H0;D1;+0:1]>>O-S(=O)(=O)-[OH;D1;+0:1].[C:2]-[C;H0;D2;+0:3]#[N;H0;D1;+0:4],CC(C)(C)N=NC(C)(C#N)CCC(=O)O.O=S(=O)(O)O>>CC(C)(C)N=NC(C)(CCC(=O)O)C(N)=O
52,[C:12]1(=O)[CH2:17][CH2:16][CH2:15][CH2:14][CH2:13]1.[C-:8]#[N:9].[C:2]([NH:6][NH2:7])([CH3:5])([CH3:4])[CH3:3]>C(O)C>[C:2]([NH:6][NH:7][C:12]1([C:8]#[N:9])[CH2:17][CH2:16][CH2:15][CH2:14][CH2:13]1)([CH3:5])([CH3:4])[CH3:3],[#7:4]-[NH;D2;+0:5]-[C;H0;D4;+0:1](-[C:2])(-[C:3])-[C;H0;D2;+0:6]#[N;D1;H0:7]>>O=[C;H0;D3;+0:1](-[C:2])-[C:3].[#7:4]-[NH2;D1;+0:5].[C-;H0;D1:6]#[N;D1;H0:7],CC(C)(C)NN.O=C1CCCCC1.[C-]#N>CCO>CC(C)(C)NNC1(C#N)CCCCC1
65,[NH2:2][OH:3].[C:6]([N:10]=[N:11][C:12]([C:15]#[N:16])([CH3:14])[CH3:13])([CH3:9])([CH3:8])[CH3:7]>CO.CCCCC>[C:6]([N:10]=[N:11][C:12]([CH3:14])([CH3:13])[C:15](=[N:2][OH:3])[NH2:16])([CH3:9])([CH3:7])[CH3:8],[C:1]-[C;H0;D3;+0:2](-[NH2;D1;+0:3])=[N;H0;D2;+0:4]-[O;D1;H1:5]>>[C:1]-[C;H0;D2;+0:2]#[N;H0;D1;+0:3].[NH2;D1;+0:4]-[O;D1;H1:5],CC(C)(C)N=NC(C)(C)C#N.NO>CCCCC.CO>CC(C)(C)N=NC(C)(C)C(N)=NO
66,[CH:16]1([C:19](Cl)=[O:20])[CH2:18][CH2:17]1.[NH2:1][C:2]1[CH:10]=[CH:9][C:5]([C:6]([OH:8])=[O:7])=[C:4]([N+:11]([O-:13])=[O:12])[CH:3]=1>C1COCC1.O>[CH:16]1([C:19]([NH:1][C:2]2[CH:10]=[CH:9][C:5]([C:6]([OH:8])=[O:7])=[C:4]([N+:11]([O-:13])=[O:12])[CH:3]=2)=[O:20])[CH2:18][CH2:17]1,[C:2]-[C;H0;D3;+0:1](=[O;D1;H0:3])-[NH;D2;+0:4]-[c:5]>>Cl-[C;H0;D3;+0:1](-[C:2])=[O;D1;H0:3].[NH2;D1;+0:4]-[c:5],Nc1ccc(C(=O)O)c([N+](=O)[O-])c1.O=C(Cl)C1CC1>C1CCOC1.O>O=C(O)c1ccc(NC(=O)C2CC2)cc1[N+](=O)[O-]
44,[CH:34]1(N=C=NC2CCCCC2)CCCCC1.[C:49](OCC)(=[O:51])[CH3:50].[CH:24]1[C:29]([N+:30]([O-:32])=[O:31])=[CH:28][CH:27]=[C:26]([OH:33])[CH:25]=1.[CH2:1]([S:3][C:4]1[CH:23]=[CH:22][C:7]2[N:8]([CH3:21])[C:9]3[CH:20]=[CH:19][CH:18]=[CH:17][C:10]=3[CH:11]=C(CC(O)=O)[C:6]=2[CH:5]=1)[CH3:2]>>[CH2:1]([S:3][C:4]1[CH:23]=[CH:22][C:7]2[N:8]([CH3:21])[C:9]3[CH:20]=[CH:19][CH:18]=[CH:17][C:10]=3[CH:11]=[C:50]([C:49]([O:33][C:26]3[CH:27]=[CH:28][C:29]([N+:30]([O-:32])=[O:31])=[CH:24][CH:25]=3)=[O:51])[C:6]=2[C:5]=1[CH3:34])[CH3:2],[#7:9]-[c:8]:[c;H0;D3;+0:7](-[C;H0;D3;+0:2](=[CH;D2;+0:5]-[c:6])-[C;H0;D3;+0:1](=[O;D1;H0:3])-[O;H0;D2;+0:12]-[c:13]):[c;H0;D3;+0:10](-[CH3;D1;+0:4]):[c:11]>>C-C-O-[C;H0;D3;+0:1](-[CH3;D1;+0:2])=[O;D1;H0:3].C1-C-C-C(-N=C=N-[CH;D3;+0:4]2-C-C-C-C-C-2)-C-C-1.O-C(=O)-C-C(=[CH;D2;+0:5]-[c:6])-[c;H0;D3;+0:7](:[c:8]-[#7:9]):[cH;D2;+0:10]:[c:11].[OH;D1;+0:12]-[c:13],C(=NC1CCCCC1)=NC1CCCCC1.CCOC(C)=O.CCSc1ccc2c(c1)C(CC(=O)O)=Cc1ccccc1N2C.O=[N+]([O-])c1ccc(O)cc1>>CCSc1ccc2c(c1C)C(C(=O)Oc1ccc([N+](=O)[O-])cc1)=Cc1ccccc1N2C
67,[N+:1]([C:4]1[CH:5]=[C:6]([CH:10]=[CH:11][C:12]=1[NH2:13])[C:7]([OH:9])=[O:8])([O-:3])=[O:2].[CH:14]1([C:17](Cl)=[O:18])[CH2:16][CH2:15]1>>[CH:14]1([C:17]([NH:13][C:12]2[CH:11]=[CH:10][C:6]([C:7]([OH:9])=[O:8])=[CH:5][C:4]=2[N+:1]([O-:3])=[O:2])=[O:18])[CH2:16][CH2:15]1,[C:2]-[C;H0;D3;+0:1](=[O;D1;H0:3])-[NH;D2;+0:4]-[c:5]>>Cl-[C;H0;D3;+0:1](-[C:2])=[O;D1;H0:3].[NH2;D1;+0:4]-[c:5],Nc1ccc(C(=O)O)cc1[N+](=O)[O-].O=C(Cl)C1CC1>>O=C(O)c1ccc(NC(=O)C2CC2)c([N+](=O)[O-])c1
68,[CH:11]1([C:15](Cl)=[O:16])[CH2:14][CH2:13][CH2:12]1.[NH2:1][C:2]1[CH:10]=[CH:9][C:5]([C:6]([OH:8])=[O:7])=[CH:4][CH:3]=1>>[CH:11]1([C:15]([NH:1][C:2]2[CH:10]=[CH:9][C:5]([C:6]([OH:8])=[O:7])=[CH:4][CH:3]=2)=[O:16])[CH2:14][CH2:13][CH2:12]1,[C:2]-[C;H0;D3;+0:1](=[O;D1;H0:3])-[NH;D2;+0:4]-[c:5]>>Cl-[C;H0;D3;+0:1](-[C:2])=[O;D1;H0:3].[NH2;D1;+0:4]-[c:5],Nc1ccc(C(=O)O)cc1.O=C(Cl)C1CCC1>>O=C(O)c1ccc(NC(=O)C2CCC2)cc1
80,[CH:12]1([C:17](Cl)=[O:18])[CH2:16][CH2:15][CH2:14][CH2:13]1.[NH2:1][C:2]1[CH:10]=[CH:9][C:5]([C:6]([OH:8])=[O:7])=[C:4]([OH:11])[CH:3]=1>>[CH:12]1([C:17]([NH:1][C:2]2[CH:10]=[CH:9][C:5]([C:6]([OH:8])=[O:7])=[C:4]([OH:11])[CH:3]=2)=[O:18])[CH2:16][CH2:15][CH2:14][CH2:13]1,[C:2]-[C;H0;D3;+0:1](=[O;D1;H0:3])-[NH;D2;+0:4]-[c:5]>>Cl-[C;H0;D3;+0:1](-[C:2])=[O;D1;H0:3].[NH2;D1;+0:4]-[c:5],Nc1ccc(C(=O)O)c(O)c1.O=C(Cl)C1CCCC1>>O=C(O)c1ccc(NC(=O)C2CCCC2)cc1O
71,[NH2:1][C:2]1[CH:10]=[CH:9][C:5]([C:6]([OH:8])=[O:7])=[CH:4][CH:3]=1.[CH:11]1([CH2:16][CH2:17][C:18](Cl)=[O:19])[CH2:15][CH2:14][CH2:13][CH2:12]1>>[CH:11]1([CH2:16][CH2:17][C:18]([NH:1][C:2]2[CH:10]=[CH:9][C:5]([C:6]([OH:8])=[O:7])=[CH:4][CH:3]=2)=[O:19])[CH2:15][CH2:14][CH2:13][CH2:12]1,[C:2]-[C;H0;D3;+0:1](=[O;D1;H0:3])-[NH;D2;+0:4]-[c:5]>>Cl-[C;H0;D3;+0:1](-[C:2])=[O;D1;H0:3].[NH2;D1;+0:4]-[c:5],Nc1ccc(C(=O)O)cc1.O=C(Cl)CCC1CCCC1>>O=C(CCC1CCCC1)Nc1ccc(C(=O)O)cc1
69,[CH:14]1([C:18](Cl)=[O:19])[CH2:17][CH2:16][CH2:15]1.[NH2:1][C:2]1[CH:10]=[CH:9][C:5]([C:6]([OH:8])=[O:7])=[C:4]([N+:11]([O-:13])=[O:12])[CH:3]=1>>[CH:14]1([C:18]([NH:1][C:2]2[CH:10]=[CH:9][C:5]([C:6]([OH:8])=[O:7])=[C:4]([N+:11]([O-:13])=[O:12])[CH:3]=2)=[O:19])[CH2:17][CH2:16][CH2:15]1,[C:2]-[C;H0;D3;+0:1](=[O;D1;H0:3])-[NH;D2;+0:4]-[c:5]>>Cl-[C;H0;D3;+0:1](-[C:2])=[O;D1;H0:3].[NH2;D1;+0:4]-[c:5],Nc1ccc(C(=O)O)c([N+](=O)[O-])c1.O=C(Cl)C1CCC1>>O=C(O)c1ccc(NC(=O)C2CCC2)cc1[N+](=O)[O-]
62,[C:24]([N:28]=[N:29][C:30](Cl)([CH2:44][CH2:45][CH2:46][CH2:47][CH2:48][CH3:49])[CH2:31][CH2:32][CH2:33][CH2:34][CH2:35][CH2:36][CH2:37][CH2:38][CH2:39][CH2:40][C:41]([OH:43])=[O:42])([CH3:27])([CH3:26])[CH3:25].[C-:51]#[N:52]>CCCCC.CO.O>[C:24]([N:28]=[N:29][C:30]([C:51]#[N:52])([CH2:44][CH2:45][CH2:46][CH2:47][CH2:48][CH3:49])[CH2:31][CH2:32][CH2:33][CH2:34][CH2:35][CH2:36][CH2:37][CH2:38][CH2:39][CH2:40][C:41]([OH:43])=[O:42])([CH3:27])([CH3:26])[CH3:25],[#7:5]=[#7:4]-[C;H0;D4;+0:1](-[C:2])(-[C:3])-[C;H0;D2;+0:6]#[N;D1;H0:7]>>Cl-[C;H0;D4;+0:1](-[C:2])(-[C:3])-[#7:4]=[#7:5].[C-;H0;D1:6]#[N;D1;H0:7],CCCCCCC(Cl)(CCCCCCCCCCC(=O)O)N=NC(C)(C)C.[C-]#N>CCCCC.CO.O>CCCCCCC(C#N)(CCCCCCCCCCC(=O)O)N=NC(C)(C)C
72,[NH2:1][C:2]1[CH:10]=[CH:9][C:5]([C:6]([OH:8])=[O:7])=[CH:4][CH:3]=1.[CH2:11]1[CH2:16][CH2:15][CH2:14][CH:13]([CH2:17][CH2:18][C:19](Cl)=[O:20])[CH2:12]1>>[CH2:11]1[CH2:16][CH2:15][CH2:14][CH:13]([CH2:17][CH2:18][C:19]([NH:1][C:2]2[CH:10]=[CH:9][C:5]([C:6]([OH:8])=[O:7])=[CH:4][CH:3]=2)=[O:20])[CH2:12]1,[C:2]-[C;H0;D3;+0:1](=[O;D1;H0:3])-[NH;D2;+0:4]-[c:5]>>Cl-[C;H0;D3;+0:1](-[C:2])=[O;D1;H0:3].[NH2;D1;+0:4]-[c:5],Nc1ccc(C(=O)O)cc1.O=C(Cl)CCC1CCCCC1>>O=C(CCC1CCCCC1)Nc1ccc(C(=O)O)cc1
74,[NH2:1][C:2]1[CH:10]=[CH:9][C:5]([C:6]([OH:8])=[O:7])=[CH:4][CH:3]=1.[CH:11]1([C:17](Cl)=[O:18])[CH2:16][CH2:15][CH:14]=[CH:13][CH2:12]1>>[CH:11]1([C:17]([NH:1][C:2]2[CH:10]=[CH:9][C:5]([C:6]([OH:8])=[O:7])=[CH:4][CH:3]=2)=[O:18])[CH2:16][CH2:15][CH:14]=[CH:13][CH2:12]1,[C:2]-[C;H0;D3;+0:1](=[O;D1;H0:3])-[NH;D2;+0:4]-[c:5]>>Cl-[C;H0;D3;+0:1](-[C:2])=[O;D1;H0:3].[NH2;D1;+0:4]-[c:5],Nc1ccc(C(=O)O)cc1.O=C(Cl)C1CC=CCC1>>O=C(O)c1ccc(NC(=O)C2CC=CCC2)cc1
76,[NH2:1][C:2]1[CH:10]=[CH:9][C:5]([C:6]([OH:8])=[O:7])=[CH:4][CH:3]=1.[CH:11]1([C:18](Cl)=[O:19])[CH2:17][CH2:16][CH:15]=[CH:14][CH2:13][CH2:12]1>>[CH:11]1([C:18]([NH:1][C:2]2[CH:10]=[CH:9][C:5]([C:6]([OH:8])=[O:7])=[CH:4][CH:3]=2)=[O:19])[CH2:17][CH2:16][CH:15]=[CH:14][CH2:13][CH2:12]1,[C:2]-[C;H0;D3;+0:1](=[O;D1;H0:3])-[NH;D2;+0:4]-[c:5]>>Cl-[C;H0;D3;+0:1](-[C:2])=[O;D1;H0:3].[NH2;D1;+0:4]-[c:5],Nc1ccc(C(=O)O)cc1.O=C(Cl)C1CCC=CCC1>>O=C(O)c1ccc(NC(=O)C2CCC=CCC2)cc1
73,[NH2:1][C:2]1[CH:10]=[CH:9][C:5]([C:6]([OH:8])=[O:7])=[CH:4][CH:3]=1.[C:11]1([C:17](Cl)=[O:18])[CH2:16][CH2:15][CH2:14][CH2:13][CH:12]=1>>[C:11]1([C:17]([NH:1][C:2]2[CH:10]=[CH:9][C:5]([C:6]([OH:8])=[O:7])=[CH:4][CH:3]=2)=[O:18])[CH2:16][CH2:15][CH2:14][CH2:13][CH:12]=1,[C:4]=[C:3]-[C;H0;D3;+0:1](=[O;D1;H0:2])-[NH;D2;+0:5]-[c:6]>>Cl-[C;H0;D3;+0:1](=[O;D1;H0:2])-[C:3]=[C:4].[NH2;D1;+0:5]-[c:6],Nc1ccc(C(=O)O)cc1.O=C(Cl)C1=CCCCC1>>O=C(Nc1ccc(C(=O)O)cc1)C1=CCCCC1
75,[CH:11]1([C:18](Cl)=[O:19])[CH2:17][CH2:16][CH2:15][CH2:14][CH2:13][CH2:12]1.[NH2:1][C:2]1[CH:10]=[CH:9][C:5]([C:6]([OH:8])=[O:7])=[CH:4][CH:3]=1>>[CH:11]1([C:18]([NH:1][C:2]2[CH:10]=[CH:9][C:5]([C:6]([OH:8])=[O:7])=[CH:4][CH:3]=2)=[O:19])[CH2:17][CH2:16][CH2:15][CH2:14][CH2:13][CH2:12]1,[C:2]-[C;H0;D3;+0:1](=[O;D1;H0:3])-[NH;D2;+0:4]-[c:5]>>Cl-[C;H0;D3;+0:1](-[C:2])=[O;D1;H0:3].[NH2;D1;+0:4]-[c:5],Nc1ccc(C(=O)O)cc1.O=C(Cl)C1CCCCCC1>>O=C(O)c1ccc(NC(=O)C2CCCCCC2)cc1
79,[CH:12]1([C:16](Cl)=[O:17])[CH2:15][CH2:14][CH2:13]1.[NH2:1][C:2]1[CH:7]=[CH:6][C:5]([CH2:8][C:9]([OH:11])=[O:10])=[CH:4][CH:3]=1>>[CH:12]1([C:16]([NH:1][C:2]2[CH:3]=[CH:4][C:5]([CH2:8][C:9]([OH:11])=[O:10])=[CH:6][CH:7]=2)=[O:17])[CH2:15][CH2:14][CH2:13]1,[C:2]-[C;H0;D3;+0:1](=[O;D1;H0:3])-[NH;D2;+0:4]-[c:5]>>Cl-[C;H0;D3;+0:1](-[C:2])=[O;D1;H0:3].[NH2;D1;+0:4]-[c:5],Nc1ccc(CC(=O)O)cc1.O=C(Cl)C1CCC1>>O=C(O)Cc1ccc(NC(=O)C2CCC2)cc1
77,[CH:11]12[CH2:17][CH:14]([CH2:15][CH2:16]1)[CH2:13][CH:12]2[CH2:18][C:19](Cl)=[O:20].[NH2:1][C:2]1[CH:10]=[CH:9][C:5]([C:6]([OH:8])=[O:7])=[CH:4][CH:3]=1>>[CH:11]12[CH2:17][CH:14]([CH2:15][CH2:16]1)[CH2:13][CH:12]2[CH2:18][C:19]([NH:1][C:2]1[CH:10]=[CH:9][C:5]([C:6]([OH:8])=[O:7])=[CH:4][CH:3]=1)=[O:20],[C:2]-[C;H0;D3;+0:1](=[O;D1;H0:3])-[NH;D2;+0:4]-[c:5]>>Cl-[C;H0;D3;+0:1](-[C:2])=[O;D1;H0:3].[NH2;D1;+0:4]-[c:5],Nc1ccc(C(=O)O)cc1.O=C(Cl)CC1CC2CCC1C2>>O=C(CC1CC2CCC1C2)Nc1ccc(C(=O)O)cc1
78,[N+:14]([C:17]1[CH:25]=[CH:24][C:20]([C:21](Cl)=[O:22])=[CH:19][CH:18]=1)([O-:16])=[O:15].[NH2:1][C:2]1[CH:10]=[CH:9][C:5]([C:6]([OH:8])=[O:7])=[C:4]([N+:11]([O-:13])=[O:12])[CH:3]=1>>[N+:14]([C:17]1[CH:18]=[CH:19][C:20]([C:21]([NH:1][C:2]2[CH:10]=[CH:9][C:5]([C:6]([OH:8])=[O:7])=[C:4]([N+:11]([O-:13])=[O:12])[CH:3]=2)=[O:22])=[CH:24][CH:25]=1)([O-:16])=[O:15],[O;D1;H0:2]=[C;H0;D3;+0:1](-[c:3])-[NH;D2;+0:4]-[c:5]>>Cl-[C;H0;D3;+0:1](=[O;D1;H0:2])-[c:3].[NH2;D1;+0:4]-[c:5],Nc1ccc(C(=O)O)c([N+](=O)[O-])c1.O=C(Cl)c1ccc([N+](=O)[O-])cc1>>O=C(Nc1ccc(C(=O)O)c([N+](=O)[O-])c1)c1ccc([N+](=O)[O-])cc1
84,[CH3:12][S:13]([CH3:15])=O.Cl[CH:2]([C:4]1[N:5]=CSC=1)[CH3:3].[C-:9]#[N:10]>>[S:13]1[CH:15]=[C:9]([CH:2]([CH3:3])[C:4]#[N:5])[N:10]=[CH:12]1,[C;D1;H3:2]-[CH;D3;+0:1](-[C;H0;D2;+0:3]#[N;H0;D1;+0:4])-[c;H0;D3;+0:8]1:[cH;D2;+0:7]:[s;H0;D2;+0:5]:[cH;D2;+0:6]:[n;H0;D2;+0:9]:1>>Cl-[CH;D3;+0:1](-[C;D1;H3:2])-[c;H0;D3;+0:3]1:[n;H0;D2;+0:4]:c:s:c:1.O=[S;H0;D3;+0:5](-[CH3;D1;+0:6])-[CH3;D1;+0:7].[C-;H0;D1:8]#[N;H0;D1;+0:9],CC(Cl)c1cscn1.CS(C)=O.[C-]#N>>CC(C#N)c1cscn1
70,[CH2:17](N(CC)CC)[CH3:18].[NH2:1][C:2]1[CH:10]=[CH:9][C:5]([C:6]([OH:8])=[O:7])=[CH:4][CH:3]=1.[CH:11]1([C:14](Cl)=[O:15])[CH2:13][CH2:12]1>>[CH:11]1([C:14]([NH:1][C:2]2[CH:10]=[CH:9][C:5]([C:6]([OH:8])=[O:7])=[CH:4][CH:3]=2)=[O:15])[CH2:13][CH2:12][CH2:18][CH2:17]1,[O;D1;H0:4]=[C;H0;D3;+0:3](-[NH;D2;+0:8]-[c:9])-[CH;D3;+0:5]1-[C:6]-[CH2;D2;+0:7]-[CH2;D2;+0:2]-[CH2;D2;+0:1]-1>>C-C-N(-C-C)-[CH2;D2;+0:1]-[CH3;D1;+0:2].Cl-[C;H0;D3;+0:3](=[O;D1;H0:4])-[CH;D3;+0:5]1-[C:6]-[CH2;D2;+0:7]-1.[NH2;D1;+0:8]-[c:9],CCN(CC)CC.Nc1ccc(C(=O)O)cc1.O=C(Cl)C1CC1>>O=C(O)c1ccc(NC(=O)C2CCCC2)cc1
81,[CH3:14][O:15][C:16]1[CH:17]=[C:18]([CH:22]=[C:23]([O:27][CH3:28])[C:24]=1[O:25][CH3:26])[C:19](Cl)=[O:20].[NH2:2][C:3]1[CH:13]=[CH:12][C:6]([CH:7]=[CH:8][C:9]([OH:11])=[O:10])=[CH:5][CH:4]=1>>[CH3:28][O:27][C:23]1[CH:22]=[C:18]([CH:17]=[C:16]([O:15][CH3:14])[C:24]=1[O:25][CH3:26])[C:19]([NH:2][C:3]1[CH:4]=[CH:5][C:6]([CH:7]=[CH:8][C:9]([OH:11])=[O:10])=[CH:12][CH:13]=1)=[O:20],[O;D1;H0:2]=[C;H0;D3;+0:1](-[c:3])-[NH;D2;+0:4]-[c:5]>>Cl-[C;H0;D3;+0:1](=[O;D1;H0:2])-[c:3].[NH2;D1;+0:4]-[c:5],COc1cc(C(=O)Cl)cc(OC)c1OC.Nc1ccc(C=CC(=O)O)cc1>>COc1cc(C(=O)Nc2ccc(C=CC(=O)O)cc2)cc(OC)c1OC
85,[C:17](=[O:20])([O-])[O-].[N:4]1[CH:9]=[CH:8][C:7](C#N)=[N:6][CH:5]=1.[CH3:1][Mg]Cl>CCOCC.O1CCCC1>[N:4]1[CH:9]=[CH:8][C:7]([C:17]([CH3:1])=[O:20])=[N:6][CH:5]=1,[CH3;D1;+0:1]-[C;H0;D3;+0:8](=[O;D1;H0:9])-[c;H0;D3;+0:2]1:[#7;a:3]:[c:4]:[#7;a:5]:[c:6]:[c:7]:1>>Cl-[Mg]-[CH3;D1;+0:1].N#C-[c;H0;D3;+0:2]1:[#7;a:3]:[c:4]:[#7;a:5]:[c:6]:[c:7]:1.[O-]-[C;H0;D3;+0:8](-[O-])=[O;D1;H0:9],C[Mg]Cl.N#Cc1ccncn1.O=C([O-])[O-]>C1CCOC1.CCOCC>CC(=O)c1ccncn1
82,[CH3:1][CH:2]([CH3:13])[CH:3]([C:7]1[CH:12]=[CH:11][CH:10]=[CH:9][N:8]=1)[C:4]([NH2:6])=[S:5].[NH:14]1[CH2:19][CH2:18][O:17][CH2:16][CH2:15]1.[CH2:20]=O>CO>[CH3:1][CH:2]([CH3:13])[CH:3]([C:7]1[CH:12]=[CH:11][CH:10]=[CH:9][N:8]=1)[C:4]([NH:6][CH2:20][N:14]1[CH2:19][CH2:18][O:17][CH2:16][CH2:15]1)=[S:5],[C:2]-[N;H0;D3;+0:3](-[C:4])-[CH2;D2;+0:1]-[NH;D2;+0:5]-[C:6]=[S;D1;H0:7]>>O=[CH2;D1;+0:1].[C:2]-[NH;D2;+0:3]-[C:4].[NH2;D1;+0:5]-[C:6]=[S;D1;H0:7],C1COCCN1.C=O.CC(C)C(C(N)=S)c1ccccn1>CO>CC(C)C(C(=S)NCN1CCOCC1)c1ccccn1
86,[CH3:30][C:31]1[N:36]=[C:35]([CH:37]([CH:40]=[CH2:41])[C:38]#[N:39])[CH:34]=[CH:33][CH:32]=1.[SH2:42]>>[CH3:30][C:31]1[N:36]=[C:35]([CH:37]([CH:40]=[CH2:41])[C:38]([NH2:39])=[S:42])[CH:34]=[CH:33][CH:32]=1,[C;D1;H2:1]=[C:2]-[C:3]-[C;H0;D3;+0:4](-[NH2;D1;+0:5])=[S;H0;D1;+0:6]>>[C;D1;H2:1]=[C:2]-[C:3]-[C;H0;D2;+0:4]#[N;H0;D1;+0:5].[SH2;D0;+0:6],C=CC(C#N)c1cccc(C)n1.S>>C=CC(C(N)=S)c1cccc(C)n1
89,[CH3:1][CH:2]([CH3:13])[CH:3]([C:7]1[CH:12]=[CH:11][CH:10]=[CH:9][N:8]=1)[C:4]([NH2:6])=[S:5].[CH2:14]([NH:16][CH2:17][CH3:18])[CH3:15].[CH2:19]=O>CO>[CH2:14]([N:16]([CH2:19][NH:6][C:4](=[S:5])[CH:3]([C:7]1[CH:12]=[CH:11][CH:10]=[CH:9][N:8]=1)[CH:2]([CH3:13])[CH3:1])[CH2:17][CH3:18])[CH3:15],[C:2]-[N;H0;D3;+0:3](-[C:4])-[CH2;D2;+0:1]-[NH;D2;+0:5]-[C:6]=[S;D1;H0:7]>>O=[CH2;D1;+0:1].[C:2]-[NH;D2;+0:3]-[C:4].[NH2;D1;+0:5]-[C:6]=[S;D1;H0:7],C=O.CC(C)C(C(N)=S)c1ccccn1.CCNCC>CO>CCN(CC)CNC(=S)C(c1ccccn1)C(C)C
88,[NH:14]1[CH2:19][CH2:18][CH2:17][CH2:16][CH2:15]1.[CH3:1][CH:2]([CH3:13])[CH:3]([C:7]1[CH:12]=[CH:11][CH:10]=[CH:9][N:8]=1)[C:4]([NH2:6])=[S:5].[CH2:20]=O>CO>[CH3:1][CH:2]([CH3:13])[CH:3]([C:7]1[CH:12]=[CH:11][CH:10]=[CH:9][N:8]=1)[C:4]([NH:6][CH2:20][N:14]1[CH2:19][CH2:18][CH2:17][CH2:16][CH2:15]1)=[S:5],[C:2]-[N;H0;D3;+0:3](-[C:4])-[CH2;D2;+0:1]-[NH;D2;+0:5]-[C:6]=[S;D1;H0:7]>>O=[CH2;D1;+0:1].[C:2]-[NH;D2;+0:3]-[C:4].[NH2;D1;+0:5]-[C:6]=[S;D1;H0:7],C1CCNCC1.C=O.CC(C)C(C(N)=S)c1ccccn1>CO>CC(C)C(C(=S)NCN1CCCCC1)c1ccccn1
87,[NH:14]1[CH2:19][CH2:18][O:17][CH2:16][CH2:15]1.[CH2:20]=O.[CH3:1][C:2]1[N:7]=[C:6]([CH:8]([CH:12]=[CH2:13])[C:9]([NH2:11])=[S:10])[CH:5]=[CH:4][CH:3]=1>>[O:17]1[CH2:18][CH2:19][N:14]([CH2:20][NH:11][C:9](=[S:10])[CH:8]([C:6]2[CH:5]=[CH:4][CH:3]=[C:2]([CH3:1])[N:7]=2)[CH:12]=[CH2:13])[CH2:15][CH2:16]1,[C:2]-[N;H0;D3;+0:3](-[C:4])-[CH2;D2;+0:1]-[NH;D2;+0:5]-[C:6]=[S;D1;H0:7]>>O=[CH2;D1;+0:1].[C:2]-[NH;D2;+0:3]-[C:4].[NH2;D1;+0:5]-[C:6]=[S;D1;H0:7],C1COCCN1.C=CC(C(N)=S)c1cccc(C)n1.C=O>>C=CC(C(=S)NCN1CCOCC1)c1cccc(C)n1
91,[CH3:1][CH:2]([CH3:13])[CH:3]([C:7]1[CH:12]=[CH:11][CH:10]=[CH:9][N:8]=1)[C:4]([NH2:6])=[S:5].[CH3:14][NH:15][C:16]1[CH:21]=[CH:20][CH:19]=[CH:18][CH:17]=1.[CH2:22]=O>CO>[CH3:1][CH:2]([CH3:13])[CH:3]([C:7]1[CH:12]=[CH:11][CH:10]=[CH:9][N:8]=1)[C:4]([NH:6][CH2:14][N:15]([CH3:22])[C:16]1[CH:21]=[CH:20][CH:19]=[CH:18][CH:17]=1)=[S:5],[CH3;D1;+0:1]-[N;H0;D3;+0:3](-[c:4])-[CH2;D2;+0:2]-[NH;D2;+0:5]-[C:6]=[S;D1;H0:7]>>O=[CH2;D1;+0:1].[CH3;D1;+0:2]-[NH;D2;+0:3]-[c:4].[NH2;D1;+0:5]-[C:6]=[S;D1;H0:7],C=O.CC(C)C(C(N)=S)c1ccccn1.CNc1ccccc1>CO>CC(C)C(C(=S)NCN(C)c1ccccc1)c1ccccn1
95,[NH2:18][N:19]1[CH2:25][C:23](=[O:24])[NH:22][C:20]1=[O:21].[Cl:1][C:2]1[CH:12]=[CH:11][C:5]([CH:6]=[CH:7][C:8]([OH:10])=O)=[CH:4][C:3]=1[C:13]([F:16])([F:15])[F:14]>O=S(Cl)Cl.N1C=CC=CC=1>[Cl:1][C:2]1[CH:12]=[CH:11][C:5]([CH:6]=[CH:7][C:8]([NH:18][N:19]2[CH2:25][C:23](=[O:24])[NH:22][C:20]2=[O:21])=[O:10])=[CH:4][C:3]=1[C:13]([F:16])([F:15])[F:14],[#7:5]-[C:6](=[O;D1;H0:7])-[#7:8]-[NH;D2;+0:9]-[C;H0;D3;+0:1](=[O;H0;D1;+0:2])-[C:3]=[C:4]>>O=[C;H0;D3;+0:1](-[OH;D1;+0:2])-[C:3]=[C:4].[#7:5]-[C:6](=[O;D1;H0:7])-[#7:8]-[NH2;D1;+0:9],NN1CC(=O)NC1=O.O=C(O)C=Cc1ccc(Cl)c(C(F)(F)F)c1>O=S(Cl)Cl.c1ccncc1>O=C(C=Cc1ccc(Cl)c(C(F)(F)F)c1)NN1CC(=O)NC1=O
92,[NH2:2][N:3]1[CH2:9][C:7](=[O:8])[NH:6][C:4]1=[O:5].[C:10](Cl)(=[O:19])[CH:11]=[CH:12][C:13]1[CH:18]=[CH:17][CH:16]=[CH:15][CH:14]=1>N1C=CC=CC=1>[C:10]([NH:2][N:3]1[CH2:9][C:7](=[O:8])[NH:6][C:4]1=[O:5])(=[O:19])[CH:11]=[CH:12][C:13]1[CH:18]=[CH:17][CH:16]=[CH:15][CH:14]=1,[#7:5]-[C:6](=[O;D1;H0:7])-[#7:8]-[NH;D2;+0:9]-[C;H0;D3;+0:1](=[O;D1;H0:2])-[C:3]=[C:4]>>Cl-[C;H0;D3;+0:1](=[O;D1;H0:2])-[C:3]=[C:4].[#7:5]-[C:6](=[O;D1;H0:7])-[#7:8]-[NH2;D1;+0:9],NN1CC(=O)NC1=O.O=C(Cl)C=Cc1ccccc1>c1ccncc1>O=C(C=Cc1ccccc1)NN1CC(=O)NC1=O
99,C(O)(=O)[CH2:12][C:13]([OH:15])=[O:14].[Cl:1][C:2]1[CH:3]=[C:4]([CH:7]=[CH:8][C:9]=1[F:10])[CH:5]=O>N1C=CC=CC=1>[Cl:1][C:2]1[CH:3]=[C:4]([CH:7]=[CH:8][C:9]=1[F:10])[CH:5]=[CH:12][C:13]([OH:15])=[O:14],[O;D1;H0:3]=[C:2](-[O;D1;H1:4])-[CH;D2;+0:1]=[CH;D2;+0:5]-[c:6]>>O-C(=O)-[CH2;D2;+0:1]-[C:2](=[O;D1;H0:3])-[O;D1;H1:4].O=[CH;D2;+0:5]-[c:6],O=C(O)CC(=O)O.O=Cc1ccc(F)c(Cl)c1>c1ccncc1>O=C(O)C=Cc1ccc(F)c(Cl)c1
93,[NH2:19][N:20]1[CH2:26][C:24](=[O:25])[NH:23][C:21]1=[O:22].[Cl:1][C:2]1[CH:3]=[C:4]([CH:10]=[CH:11][C:12]=1[CH3:13])[CH:5]=[CH:6][C:7]([OH:9])=O>N1C=CC=CC=1>[Cl:1][C:2]1[CH:3]=[C:4]([CH:10]=[CH:11][C:12]=1[CH3:13])[CH:5]=[CH:6][C:7]([NH:19][N:20]1[CH2:26][C:24](=[O:25])[NH:23][C:21]1=[O:22])=[O:9],[#7:5]-[C:6](=[O;D1;H0:7])-[#7:8]-[NH;D2;+0:9]-[C;H0;D3;+0:1](=[O;H0;D1;+0:2])-[C:3]=[C:4]>>O=[C;H0;D3;+0:1](-[OH;D1;+0:2])-[C:3]=[C:4].[#7:5]-[C:6](=[O;D1;H0:7])-[#7:8]-[NH2;D1;+0:9],Cc1ccc(C=CC(=O)O)cc1Cl.NN1CC(=O)NC1=O>c1ccncc1>Cc1ccc(C=CC(=O)NN2CC(=O)NC2=O)cc1Cl
96,[NH2:14][N:15]1[CH2:21][C:19](=[O:20])[NH:18][C:16]1=[O:17].[F:1][C:2]1[CH:12]=[CH:11][C:5]([CH:6]=[CH:7][C:8]([OH:10])=O)=[CH:4][CH:3]=1>O=S(Cl)Cl>[F:1][C:2]1[CH:3]=[CH:4][C:5]([CH:6]=[CH:7][C:8]([NH:14][N:15]2[CH2:21][C:19](=[O:20])[NH:18][C:16]2=[O:17])=[O:10])=[CH:11][CH:12]=1,[#7:5]-[C:6](=[O;D1;H0:7])-[#7:8]-[NH;D2;+0:9]-[C;H0;D3;+0:1](=[O;H0;D1;+0:2])-[C:3]=[C:4]>>O=[C;H0;D3;+0:1](-[OH;D1;+0:2])-[C:3]=[C:4].[#7:5]-[C:6](=[O;D1;H0:7])-[#7:8]-[NH2;D1;+0:9],NN1CC(=O)NC1=O.O=C(O)C=Cc1ccc(F)cc1>O=S(Cl)Cl>O=C(C=Cc1ccc(F)cc1)NN1CC(=O)NC1=O
94,[NH2:18][N:19]1[CH2:25][C:23](=[O:24])[NH:22][C:20]1=[O:21].[Cl:1][C:2]1[CH:12]=[CH:11][C:5]([CH:6]=[CH:7][C:8]([OH:10])=O)=[CH:4][CH:3]=1>N1C=CC=CC=1>[Cl:1][C:2]1[CH:3]=[CH:4][C:5]([CH:6]=[CH:7][C:8]([NH:18][N:19]2[CH2:25][C:23](=[O:24])[NH:22][C:20]2=[O:21])=[O:10])=[CH:11][CH:12]=1,[#7:5]-[C:6](=[O;D1;H0:7])-[#7:8]-[NH;D2;+0:9]-[C;H0;D3;+0:1](=[O;H0;D1;+0:2])-[C:3]=[C:4]>>O=[C;H0;D3;+0:1](-[OH;D1;+0:2])-[C:3]=[C:4].[#7:5]-[C:6](=[O;D1;H0:7])-[#7:8]-[NH2;D1;+0:9],NN1CC(=O)NC1=O.O=C(O)C=Cc1ccc(Cl)cc1>c1ccncc1>O=C(C=Cc1ccc(Cl)cc1)NN1CC(=O)NC1=O
90,[NH:18]1[CH2:23][CH2:22][O:21][CH2:20][CH2:19]1.[CH2:24]=O.[CH2:1]([CH:8]([C:12]1[CH:17]=[CH:16][CH:15]=[CH:14][N:13]=1)[C:9]([NH2:11])=[S:10])[C:2]1[CH:7]=[CH:6][CH:5]=[CH:4][CH:3]=1>>[CH2:1]([CH:8]([C:12]1[CH:17]=[CH:16][CH:15]=[CH:14][N:13]=1)[C:9]([NH:11][CH2:24][N:18]1[CH2:23][CH2:22][O:21][CH2:20][CH2:19]1)=[S:10])[C:2]1[CH:3]=[CH:4][CH:5]=[CH:6][CH:7]=1,[C:2]-[N;H0;D3;+0:3](-[C:4])-[CH2;D2;+0:1]-[NH;D2;+0:5]-[C:6]=[S;D1;H0:7]>>O=[CH2;D1;+0:1].[C:2]-[NH;D2;+0:3]-[C:4].[NH2;D1;+0:5]-[C:6]=[S;D1;H0:7],C1COCCN1.C=O.NC(=S)C(Cc1ccccc1)c1ccccn1>>S=C(NCN1CCOCC1)C(Cc1ccccc1)c1ccccn1
97,[NH2:16][N:17]1[CH2:23][C:21](=[O:22])[NH:20][C:18]1=[O:19].[Cl:1][C:2]1[CH:3]=[C:4]([CH:10]=[CH:11][C:12]=1[CH2:13][CH3:14])[CH:5]=[CH:6][C:7]([OH:9])=O>O=S(Cl)Cl>[Cl:1][C:2]1[CH:3]=[C:4]([CH:10]=[CH:11][C:12]=1[CH2:13][CH3:14])[CH:5]=[CH:6][C:7]([NH:16][N:17]1[CH2:23][C:21](=[O:22])[NH:20][C:18]1=[O:19])=[O:9],[#7:5]-[C:6](=[O;D1;H0:7])-[#7:8]-[NH;D2;+0:9]-[C;H0;D3;+0:1](=[O;H0;D1;+0:2])-[C:3]=[C:4]>>O=[C;H0;D3;+0:1](-[OH;D1;+0:2])-[C:3]=[C:4].[#7:5]-[C:6](=[O;D1;H0:7])-[#7:8]-[NH2;D1;+0:9],CCc1ccc(C=CC(=O)O)cc1Cl.NN1CC(=O)NC1=O>O=S(Cl)Cl>CCc1ccc(C=CC(=O)NN2CC(=O)NC2=O)cc1Cl
98,[NH2:18][N:19]1[CH2:25][C:23](=[O:24])[NH:22][C:20]1=[O:21].[F:1][C:2]1[CH:3]=[C:4]([CH:10]=[CH:11][CH:12]=1)[CH:5]=[CH:6][C:7]([OH:9])=O>N1C=CC=CC=1>[F:1][C:2]1[CH:3]=[C:4]([CH:10]=[CH:11][CH:12]=1)[CH:5]=[CH:6][C:7]([NH:18][N:19]1[CH2:25][C:23](=[O:24])[NH:22][C:20]1=[O:21])=[O:9],[#7:5]-[C:6](=[O;D1;H0:7])-[#7:8]-[NH;D2;+0:9]-[C;H0;D3;+0:1](=[O;H0;D1;+0:2])-[C:3]=[C:4]>>O=[C;H0;D3;+0:1](-[OH;D1;+0:2])-[C:3]=[C:4].[#7:5]-[C:6](=[O;D1;H0:7])-[#7:8]-[NH2;D1;+0:9],NN1CC(=O)NC1=O.O=C(O)C=Cc1cccc(F)c1>c1ccncc1>O=C(C=Cc1cccc(F)c1)NN1CC(=O)NC1=O
108,[SH:1][CH:2]([C:6]1[CH:11]=[CH:10][CH:9]=[CH:8][CH:7]=1)[C:3]([OH:5])=[O:4].[CH3:19][N:20]=[C:21]=[O:22]>O.O1CCCC1>[CH3:19][NH:20][C:21]([S:1][CH:2]([C:6]1[CH:11]=[CH:10][CH:9]=[CH:8][CH:7]=1)[C:3]([OH:5])=[O:4])=[O:22],[C;D1;H3:1]-[NH;D2;+0:2]-[C;H0;D3;+0:3](=[O;D1;H0:4])-[S;H0;D2;+0:9]-[C:8]-[C:6](=[O;D1;H0:5])-[O;D1;H1:7]>>[C;D1;H3:1]-[N;H0;D2;+0:2]=[C;H0;D2;+0:3]=[O;D1;H0:4].[O;D1;H0:5]=[C:6](-[O;D1;H1:7])-[C:8]-[SH;D1;+0:9],CN=C=O.O=C(O)C(S)c1ccccc1>C1CCOC1.O>CNC(=O)SC(C(=O)O)c1ccccc1
102,[C:27](OC(=O)C)(=[O:29])[CH3:28].[CH3:1][NH:2][C:3]([N:5]1[CH2:10][C:9](=[CH:11][C:12]2[CH:17]=[CH:16][CH:15]=[CH:14][CH:13]=2)[C:8]2=[N:18][NH:19][CH:20]([C:21]3[CH:26]=[CH:25][CH:24]=[CH:23][CH:22]=3)[CH:7]2[CH2:6]1)=[O:4]>>[C:27]([N:19]1[CH:20]([C:21]2[CH:26]=[CH:25][CH:24]=[CH:23][CH:22]=2)[CH:7]2[CH2:6][N:5]([C:3]([NH:2][CH3:1])=[O:4])[CH2:10][C:9](=[CH:11][C:12]3[CH:17]=[CH:16][CH:15]=[CH:14][CH:13]=3)[C:8]2=[N:18]1)(=[O:29])[CH3:28],[C:4]-[N;H0;D3;+0:5](-[#7:6]=[C:7])-[C;H0;D3;+0:1](-[C;D1;H3:2])=[O;D1;H0:3]>>C-C(=O)-O-[C;H0;D3;+0:1](-[C;D1;H3:2])=[O;D1;H0:3].[C:4]-[NH;D2;+0:5]-[#7:6]=[C:7],CC(=O)OC(C)=O.CNC(=O)N1CC(=Cc2ccccc2)C2=NNC(c3ccccc3)C2C1>>CNC(=O)N1CC(=Cc2ccccc2)C2=NN(C(C)=O)C(c3ccccc3)C2C1
103,[OH:30]O.[CH3:1][N:2]([CH2:4][C:5]([N:7]1[CH2:12][C:11](=[CH:13][C:14]2[CH:19]=[CH:18][CH:17]=[CH:16][CH:15]=2)[C:10]2=[N:20][N:21]([CH3:29])[CH:22]([C:23]3[CH:28]=[CH:27][CH:26]=[CH:25][CH:24]=3)[CH:9]2[CH2:8]1)=[O:6])[CH3:3]>C(O)(=O)C>[CH3:3][N:2]([CH2:4][C:5]([N:7]1[CH2:12][C:11](=[CH:13][C:14]2[CH:19]=[CH:18][CH:17]=[CH:16][CH:15]=2)[C:10]2=[N+:20]([O-:30])[N:21]([CH3:29])[CH:22]([C:23]3[CH:28]=[CH:27][CH:26]=[CH:25][CH:24]=3)[CH:9]2[CH2:8]1)=[O:6])[CH3:1],[#7:2]-[N+;H0;D3:3](-[O-;H0;D1:1])=[C:4]-[C:5]=[C:6]>>O-[OH;D1;+0:1].[#7:2]-[N;H0;D2;+0:3]=[C:4]-[C:5]=[C:6],CN(C)CC(=O)N1CC(=Cc2ccccc2)C2=NN(C)C(c3ccccc3)C2C1.OO>CC(=O)O>CN(C)CC(=O)N1CC(=Cc2ccccc2)C2=[N+]([O-])N(C)C(c3ccccc3)C2C1
113,C[C:18]1[C:27]([CH2:28][S:29]([CH3:31])=[O:30])=[N+:26]([O-:32])[C:25]2[C:20](=[CH:21][CH:22]=[CH:23][CH:24]=2)[N+:19]=1[O-:33]>>[CH3:31][S:29]([CH2:28][C:27]1[CH:18]=[N+:19]([O-:33])[C:20]2[C:25](=[CH:24][CH:23]=[CH:22][CH:21]=2)[N+:26]=1[O-:32])=[O:30],[#7;a;+:2]:[cH;D2;+0:1]:[c:3]:[#7;a;+:4]>>C-[c;H0;D3;+0:1](:[#7;a;+:2]):[c:3]:[#7;a;+:4],Cc1c(CS(C)=O)[n+]([O-])c2ccccc2[n+]1[O-]>>CS(=O)Cc1c[n+]([O-])c2ccccc2[n+]1[O-]
114,[CH2:18]([S:21]([CH2:23][C:24]1[CH:33]=[N+:32]([O-:34])[C:31]2[C:26](=[CH:27][CH:28]=[CH:29][CH:30]=2)[N+:25]=1[O-:35])=[O:22])[CH2:19]C>>[CH2:18]([S:21]([CH2:23][C:24]1[CH:33]=[N+:32]([O-:34])[C:31]2[C:26](=[CH:27][CH:28]=[CH:29][CH:30]=2)[N+:25]=1[O-:35])=[O:22])[CH3:19],[C:2]-[CH3;D1;+0:1]>>C-[CH2;D2;+0:1]-[C:2],CCCS(=O)Cc1c[n+]([O-])c2ccccc2[n+]1[O-]>>CCS(=O)Cc1c[n+]([O-])c2ccccc2[n+]1[O-]
83,[NH:13]1[CH2:18][CH2:17][O:16][CH2:15][CH2:14]1.[N:1]1[CH:6]=[CH:5][CH:4]=[CH:3][C:2]=1[CH2:7][C:8]([NH2:10])=[S:9].[CH3:21][CH2:22][CH2:23][CH2:24][CH2:25][CH3:26].[CH3:11]O>>[O:16]1[CH2:17][CH2:18][N:13]([CH2:11][NH:10][C:8](=[S:9])[CH:7]([C:23]2[CH:22]=[CH:21][CH:26]=[CH:25][CH:24]=2)[C:2]2[CH:3]=[CH:4][CH:5]=[CH:6][N:1]=2)[CH2:14][CH2:15]1,[#7;a:2]:[c:3]-[CH;D3;+0:4](-[C:5](=[S;D1;H0:7])-[NH;D2;+0:6]-[CH2;D2;+0:1]-[N;H0;D3;+0:15](-[C:14])-[C:16])-[c;H0;D3;+0:10]1:[cH;D2;+0:9]:[cH;D2;+0:8]:[cH;D2;+0:13]:[cH;D2;+0:12]:[cH;D2;+0:11]:1>>O-[CH3;D1;+0:1].[#7;a:2]:[c:3]-[CH2;D2;+0:4]-[C:5](-[NH2;D1;+0:6])=[S;D1;H0:7].[CH3;D1;+0:8]-[CH2;D2;+0:9]-[CH2;D2;+0:10]-[CH2;D2;+0:11]-[CH2;D2;+0:12]-[CH3;D1;+0:13].[C:14]-[NH;D2;+0:15]-[C:16],C1COCCN1.CCCCCC.CO.NC(=S)Cc1ccccn1>>S=C(NCN1CCOCC1)C(c1ccccc1)c1ccccn1
112,[CH3:1][C:2]1[CH:21]=[CH:20][C:5]2[O:6][CH:7]([C:17]([OH:19])=[O:18])[O:8][C:9]3[CH:15]=[CH:14][C:13]([CH3:16])=[CH:12][C:10]=3[CH2:11][C:4]=2[CH:3]=1.[CH3:27]O>>[CH3:1][C:2]1[CH:21]=[CH:20][C:5]2[O:6][CH:7]([C:17]([O:19][CH3:27])=[O:18])[O:8][C:9]3[CH:15]=[CH:14][C:13]([CH3:16])=[CH:12][C:10]=3[CH2:11][C:4]=2[CH:3]=1,[CH3;D1;+0:1]-[O;H0;D2;+0:4]-[C:3]=[O;D1;H0:2]>>O-[CH3;D1;+0:1].[O;D1;H0:2]=[C:3]-[OH;D1;+0:4],CO.Cc1ccc2c(c1)Cc1cc(C)ccc1OC(C(=O)O)O2>>COC(=O)C1Oc2ccc(C)cc2Cc2cc(C)ccc2O1
104,[NH:27]1[CH2:32][CH2:31][O:30][CH2:29][CH2:28]1.[C:6]([N+:10]1[O:11][C:12]([C:21]2[CH:26]=[CH:25][CH:24]=[CH:23][CH:22]=2)=[C:13]2[CH:18]=[C:17]([Cl:19])[C:16]([CH3:20])=[CH:15][C:14]=12)([CH3:9])([CH3:8])[CH3:7]>>[C:6]([N:10]1[C:14]2[CH:15]=[C:16]([CH3:20])[C:17]([Cl:19])=[CH:18][C:13]=2[C:12]([N:27]2[CH2:32][CH2:31][O:30][CH2:29][CH2:28]2)([C:21]2[CH:22]=[CH:23][CH:24]=[CH:25][CH:26]=2)[O:11]1)([CH3:9])([CH3:7])[CH3:8],[C:1]-[N;H0;D3;+0:2](-[C:3])-[C;H0;D4;+0:8]1(-[c;H0;D3;+0:9](:[c:10]):[c:11])-[O;H0;D2;+0:12]-[N;H0;D3;+0:5](-[C:4])-[c:6]:[c:7]-1>>[C:1]-[NH;D2;+0:2]-[C:3].[C:4]-[n+;H0;D3:5]1:[c:6]:[c:7]:[c;H0;D3;+0:8](-[c;H0;D3;+0:9](:[c:10]):[c:11]):[o;H0;D2;+0:12]:1,C1COCCN1.Cc1cc2c(cc1Cl)c(-c1ccccc1)o[n+]2C(C)(C)C>>Cc1cc2c(cc1Cl)C(c1ccccc1)(N1CCOCC1)ON2C(C)(C)C
117,[CH3:1][C:2]1[O:3][C:4]2[C:10]([CH3:11])=[CH:9][CH:8]=[CH:7][C:5]=2[CH:6]=1.CC1C2[O:20]C=CC=2C=CC=1>>[CH3:11][C:10]1[C:4]2[O:3][C:2]([CH:1]=[O:20])=[CH:6][C:5]=2[CH:7]=[CH:8][CH:9]=1,[#8;a:2]:[c:3]-[CH;D2;+0:4]=[O;H0;D1;+0:1]>>C-c1:c:c:c:c2:c:c:[o;H0;D2;+0:1]:c:1:2.[#8;a:2]:[c:3]-[CH3;D1;+0:4],Cc1cc2cccc(C)c2o1.Cc1cccc2ccoc12>>Cc1cccc2cc(C=O)oc12
116,[CH2:1]([S:3]([CH2:6][C:7]1[C:16](C(OC)=O)=[N+:15]([O-:21])[C:14]2[C:9](=[CH:10][CH:11]=[CH:12][CH:13]=2)[N+:8]=1[O-:22])(=[O:5])=[O:4])[CH3:2]>[OH-].[Na+]>[CH2:1]([S:3]([CH2:6][C:7]1[CH:16]=[N+:15]([O-:21])[C:14]2[C:9](=[CH:10][CH:11]=[CH:12][CH:13]=2)[N+:8]=1[O-:22])(=[O:5])=[O:4])[CH3:2],[#7;a;+:2]:[cH;D2;+0:1]:[c:3]:[#7;a;+:4]>>C-O-C(=O)-[c;H0;D3;+0:1](:[#7;a;+:2]):[c:3]:[#7;a;+:4],CCS(=O)(=O)Cc1c(C(=O)OC)[n+]([O-])c2ccccc2[n+]1[O-]>[Na+].[OH-]>CCS(=O)(=O)Cc1c[n+]([O-])c2ccccc2[n+]1[O-]
109,[CH3:21][C:22]1[S:23][C:24]([SH:27])=[N:25][N:26]=1.CC(O[CH2:5][C:6]1[CH2:15][S:14][C@@H:9]2[C@H:10]([NH2:13])[C:11](=[O:12])[N:8]2[C:7]=1[C:16]([OH:18])=[O:17])=O>CC(C)=O.O>[CH3:21][C:22]1[S:23][C:24]([S:27][CH2:5][C:6]2[CH2:15][S:14][CH:9]3[N:8]([C:11](=[O:12])[CH:10]3[NH2:13])[C:7]=2[C:16]([OH:18])=[O:17])=[N:25][N:26]=1,[#16:10]-[CH;D3;+0:9]1-[#7:4](-[C:3]=[C:2]-[CH2;D2;+0:1]-[S;H0;D2;+0:13]-[c:12](:[#16;a:11]):[#7;a:14]:[#7;a:15])-[C:5](=[O;D1;H0:6])-[CH;D3;+0:7]-1-[N;D1;H2:8]>>C-C(=O)-O-[CH2;D2;+0:1]-[C:2]=[C:3]-[#7:4]1-[C:5](=[O;D1;H0:6])-[C@@H;D3;+0:7](-[N;D1;H2:8])-[C@H;D3;+0:9]-1-[#16:10].[#16;a:11]:[c:12](-[SH;D1;+0:13]):[#7;a:14]:[#7;a:15],CC(=O)OCC1=C(C(=O)O)N2C(=O)[C@@H](N)[C@H]2SC1.Cc1nnc(S)s1>CC(C)=O.O>Cc1nnc(SCC2=C(C(=O)O)N3C(=O)C(N)C3SC2)s1
129,[CH3:1][C:2]1[O:8][C:5]([CH2:6][SH:7])=[CH:4][CH:3]=1.S(OC)(O[CH3:13])(=O)=O>>[CH3:13][S:7][CH2:6][C:5]1[O:8][C:2]([CH3:1])=[CH:3][CH:4]=1,[C:2]-[S;H0;D2;+0:3]-[CH3;D1;+0:1]>>C-O-S(=O)(=O)-O-[CH3;D1;+0:1].[C:2]-[SH;D1;+0:3],COS(=O)(=O)OC.Cc1ccc(CS)o1>>CSCc1ccc(C)o1
105,[NH:26]1[CH2:31][CH2:30][O:29][CH2:28][CH2:27]1.[C:6]([N+:10]1[O:11][C:12]([C:20]2[CH:25]=[CH:24][CH:23]=[CH:22][CH:21]=2)=[C:13]2[CH:18]=[C:17]([Cl:19])[CH:16]=[CH:15][C:14]=12)([CH3:9])([CH3:8])[CH3:7]>>[C:6]([N:10]1[C:14]2[CH:15]=[CH:16][C:17]([Cl:19])=[CH:18][C:13]=2[C:12]([N:26]2[CH2:31][CH2:30][O:29][CH2:28][CH2:27]2)([C:20]2[CH:25]=[CH:24][CH:23]=[CH:22][CH:21]=2)[O:11]1)([CH3:9])([CH3:7])[CH3:8],[C:1]-[N;H0;D3;+0:2](-[C:3])-[C;H0;D4;+0:8]1(-[c;H0;D3;+0:9](:[c:10]):[c:11])-[O;H0;D2;+0:12]-[N;H0;D3;+0:5](-[C:4])-[c:6]:[c:7]-1>>[C:1]-[NH;D2;+0:2]-[C:3].[C:4]-[n+;H0;D3:5]1:[c:6]:[c:7]:[c;H0;D3;+0:8](-[c;H0;D3;+0:9](:[c:10]):[c:11]):[o;H0;D2;+0:12]:1,C1COCCN1.CC(C)(C)[n+]1oc(-c2ccccc2)c2cc(Cl)ccc21>>CC(C)(C)N1OC(c2ccccc2)(N2CCOCC2)c2cc(Cl)ccc21
128,[C:11](Cl)(=[O:14])[CH2:12][CH3:13].[CH3:1][C:2]1[N:3]=[CH:4][S:5][CH:6]=1>>[CH3:1][C:2]1[N:3]=[C:4]([C:11](=[O:14])[CH2:12][CH3:13])[S:5][CH:6]=1,[#16;a:4]:[c;H0;D3;+0:5](:[#7;a:6])-[C;H0;D3;+0:1](-[C:2])=[O;D1;H0:3]>>Cl-[C;H0;D3;+0:1](-[C:2])=[O;D1;H0:3].[#16;a:4]:[cH;D2;+0:5]:[#7;a:6],CCC(=O)Cl.Cc1cscn1>>CCC(=O)c1nc(C)cs1
111,[CH2:1]([C:10]1[C:15]([OH:16])=[CH:14][CH:13]=[C:12]([CH3:17])[CH:11]=1)[C:2]1[C:7]([OH:8])=[CH:6][CH:5]=[C:4]([CH3:9])[CH:3]=1.Cl[CH:19](Cl)[C:20]([OH:22])=[O:21]>C(O)(C)C>[CH3:17][C:12]1[CH:13]=[CH:14][C:15]2[O:16][CH:19]([C:20]([OH:22])=[O:21])[O:8][C:7]3[CH:6]=[CH:5][C:4]([CH3:9])=[CH:3][C:2]=3[CH2:1][C:10]=2[CH:11]=1,[O;D1;H0:3]=[C:2](-[O;D1;H1:4])-[CH;D3;+0:1](-[O;H0;D2;+0:5]-[c:6])-[O;H0;D2;+0:7]-[c:8]>>Cl-[CH;D3;+0:1](-Cl)-[C:2](=[O;D1;H0:3])-[O;D1;H1:4].[OH;D1;+0:5]-[c:6].[OH;D1;+0:7]-[c:8],Cc1ccc(O)c(Cc2cc(C)ccc2O)c1.O=C(O)C(Cl)Cl>CC(C)O>Cc1ccc2c(c1)Cc1cc(C)ccc1OC(C(=O)O)O2
125,[CH3:1][C:2]1[N:3]=[CH:4][S:5][CH:6]=1.[CH:13](=[O:18])[CH2:14][CH:15]([CH3:17])[CH3:16]>>[CH2:14]([CH:13]([C:4]1[S:5][CH:6]=[C:2]([CH3:1])[N:3]=1)[OH:18])[CH:15]([CH3:17])[CH3:16],[#16;a:1]:[c;H0;D3;+0:2](:[#7;a:3])-[CH;D3;+0:5](-[C:4])-[OH;D1;+0:6]>>[#16;a:1]:[cH;D2;+0:2]:[#7;a:3].[C:4]-[CH;D2;+0:5]=[O;H0;D1;+0:6],CC(C)CC=O.Cc1cscn1>>Cc1csc(C(O)CC(C)C)n1
126,[O:11]1C2C=CC=CC=2C=[C:12]1C=O.[CH3:1][C:2]1[C:10]2[O:9][CH:8]=[CH:7][C:6]=2[CH:5]=[CH:4][CH:3]=1>>[CH3:1][C:2]1[C:10]2[O:9][C:8]([CH:12]=[O:11])=[CH:7][C:6]=2[CH:5]=[CH:4][CH:3]=1,[#8;a:3]:[c;H0;D3;+0:4](:[c:5])-[CH;D2;+0:1]=[O;H0;D1;+0:2]>>O=C-[c;H0;D3;+0:1]1:[o;H0;D2;+0:2]:c2:c:c:c:c:c:2:c:1.[#8;a:3]:[cH;D2;+0:4]:[c:5],Cc1cccc2ccoc12.O=Cc1cc2ccccc2o1>>Cc1cccc2cc(C=O)oc12
127,[CH2:1]([N:7]1[CH:11]=[CH:10][CH:9]=[CH:8]1)[C:2]1[O:6][CH:5]=[CH:4][CH:3]=1.[C:12](Cl)(=[O:14])[CH3:13]>>[CH2:1]([N:7]1[CH:11]=[CH:10][CH:9]=[C:8]1[C:12](=[O:14])[CH3:13])[C:2]1[O:6][CH:5]=[CH:4][CH:3]=1,[#7;a:4]:[c;H0;D3;+0:5](:[c:6])-[C;H0;D3;+0:1](-[C;D1;H3:2])=[O;D1;H0:3]>>Cl-[C;H0;D3;+0:1](-[C;D1;H3:2])=[O;D1;H0:3].[#7;a:4]:[cH;D2;+0:5]:[c:6],CC(=O)Cl.c1coc(Cn2cccc2)c1>>CC(=O)c1cccn1Cc1ccco1
115,[CH3:12][S:13][CH2:14][C:15]1[C:24]([C:25]([O:27][CH3:28])=[O:26])=[N+:23]([O-:29])[C:22]2[C:17](=[CH:18][CH:19]=[CH:20][CH:21]=2)[N+:16]=1[O-:30].ClC1C=CC=C(C(OO)=[O:9])C=1>C(Cl)(Cl)Cl>[CH3:12][S:13]([CH2:14][C:15]1[C:24]([C:25]([O:27][CH3:28])=[O:26])=[N+:23]([O-:29])[C:22]2[C:17](=[CH:18][CH:19]=[CH:20][CH:21]=2)[N+:16]=1[O-:30])=[O:9],[C:2]-[S;H0;D3;+0:3](-[C;D1;H3:4])=[O;H0;D1;+0:1]>>Cl-c1:c:c:c:c(-C(=[O;H0;D1;+0:1])-O-O):c:1.[C:2]-[S;H0;D2;+0:3]-[C;D1;H3:4],COC(=O)c1c(CSC)[n+]([O-])c2ccccc2[n+]1[O-].O=C(OO)c1cccc(Cl)c1>ClC(Cl)Cl>COC(=O)c1c(CS(C)=O)[n+]([O-])c2ccccc2[n+]1[O-]
110,[NH2:26][CH2:27][C:28]1[CH:29]=[N:30][CH:31]=[CH:32][CH:33]=1.[Cl:1][C:2]1[CH:21]=[CH:20][C:5]2[O:6][CH:7]([C:17](O)=[O:18])[O:8][C:9]3[CH:15]=[CH:14][C:13]([Cl:16])=[CH:12][C:10]=3[CH2:11][C:4]=2[CH:3]=1>C1C=CC=CC=1>[Cl:16][C:13]1[CH:14]=[CH:15][C:9]2[O:8][CH:7]([C:17]([NH:26][CH2:27][C:28]3[CH:29]=[N:30][CH:31]=[CH:32][CH:33]=3)=[O:18])[O:6][C:5]3[CH:20]=[CH:21][C:2]([Cl:1])=[CH:3][C:4]=3[CH2:11][C:10]=2[CH:12]=1,[#8:4]-[C:3](-[#8:5])-[C;H0;D3;+0:1](=[O;D1;H0:2])-[NH;D2;+0:7]-[C:6]>>O-[C;H0;D3;+0:1](=[O;D1;H0:2])-[C:3](-[#8:4])-[#8:5].[C:6]-[NH2;D1;+0:7],NCc1cccnc1.O=C(O)C1Oc2ccc(Cl)cc2Cc2cc(Cl)ccc2O1>c1ccccc1>O=C(NCc1cccnc1)C1Oc2ccc(Cl)cc2Cc2cc(Cl)ccc2O1
118,[N:17](Cl)=O.[N:1](=[C:3]([CH2:7][CH2:8][CH3:9])[C:4](=O)[CH3:5])O.[CH3:10][C:11](=O)[CH2:12][CH2:13][CH2:14][CH3:15]>[Zn].C(O)(=O)C>[CH3:10][C:11]1[C:12]([CH2:13][CH2:14][CH3:15])=[N:17][C:4]([CH3:5])=[C:3]([CH2:7][CH2:8][CH3:9])[N:1]=1,[C:10]-[c;H0;D3;+0:9]1:[n;H0;D2;+0:1]:[c;H0;D3;+0:5](-[C;D1;H3:6]):[c;H0;D3;+0:3](-[C:4]):[n;H0;D2;+0:2]:[c;H0;D3;+0:7]:1-[C;D1;H3:8]>>Cl-[N;H0;D2;+0:1]=O.O-[N;H0;D2;+0:2]=[C;H0;D3;+0:3](-[C:4])-[C;H0;D3;+0:5](=O)-[C;D1;H3:6].O=[C;H0;D3;+0:7](-[C;D1;H3:8])-[CH2;D2;+0:9]-[C:10],CCCC(=NO)C(C)=O.CCCCC(C)=O.O=NCl>CC(=O)O.[Zn]>CCCc1nc(C)c(CCC)nc1C
119,[CH3:10][CH:11]([CH3:16])[CH2:12][C:13](=O)[CH3:14].[N:17](Cl)=O.[CH3:1][CH:2]([CH3:9])[C:3](=[N:7]O)[C:4](=O)[CH3:5]>[Zn].C(O)(=O)C>[CH3:5][C:4]1[C:3]([CH:2]([CH3:9])[CH3:1])=[N:7][C:13]([CH3:14])=[C:12]([CH:11]([CH3:16])[CH3:10])[N:17]=1,[C:10]-[c;H0;D3;+0:9]1:[n;H0;D2;+0:1]:[c;H0;D3;+0:5](-[C;D1;H3:6]):[c;H0;D3;+0:3](-[C:4]):[n;H0;D2;+0:2]:[c;H0;D3;+0:7]:1-[C;D1;H3:8]>>Cl-[N;H0;D2;+0:1]=O.O-[N;H0;D2;+0:2]=[C;H0;D3;+0:3](-[C:4])-[C;H0;D3;+0:5](=O)-[C;D1;H3:6].O=[C;H0;D3;+0:7](-[C;D1;H3:8])-[CH2;D2;+0:9]-[C:10],CC(=O)C(=NO)C(C)C.CC(=O)CC(C)C.O=NCl>CC(=O)O.[Zn]>Cc1nc(C(C)C)c(C)nc1C(C)C
124,[CH2:1]([O:7][CH2:8][C:9]1[O:13][CH:12]=[CH:11][CH:10]=1)[C:2]1[O:6][CH:5]=[CH:4][CH:3]=1.[CH3:14]C1OC(CBr)=CC=1>CCOCC>[CH2:8]([O:7][CH2:1][C:2]1[O:6][C:5]([CH3:14])=[CH:4][CH:3]=1)[C:9]1[O:13][CH:12]=[CH:11][CH:10]=1,[#8;a:2]:[c;H0;D3;+0:3](-[CH3;D1;+0:1]):[c:4]>>Br-C-c1:c:c:c(-[CH3;D1;+0:1]):o:1.[#8;a:2]:[cH;D2;+0:3]:[c:4],Cc1ccc(CBr)o1.c1coc(COCc2ccco2)c1>CCOCC>Cc1ccc(COCc2ccco2)o1
135,[CH3:1][O:2][C:3](=[O:17])[C:4]1[C:9]([N+:10]([O-])=O)=[CH:8][C:7]2[O:13][CH2:14][CH2:15][O:16][C:6]=2[CH:5]=1>[Pd].C(O)(=O)C>[CH3:1][O:2][C:3](=[O:17])[C:4]1[C:9]([NH2:10])=[CH:8][C:7]2[O:13][CH2:14][CH2:15][O:16][C:6]=2[CH:5]=1,[NH2;D1;+0:1]-[c:2]>>O=[N+;H0;D3:1](-[O-])-[c:2],COC(=O)c1cc2c(cc1[N+](=O)[O-])OCCO2>CC(=O)O.[Pd]>COC(=O)c1cc2c(cc1N)OCCO2
121,[CH3:11][CH:12]([CH3:18])[CH2:13][CH2:14][C:15](=O)[CH3:16].[N:19](Cl)=O.[CH3:1][CH:2]([CH3:10])[CH2:3][C:4](=[N:8]O)[C:5](=O)[CH3:6]>[Zn].C(O)(=O)C>[CH3:6][C:5]1[C:4]([CH2:3][CH:2]([CH3:10])[CH3:1])=[N:8][C:15]([CH3:16])=[C:14]([CH2:13][CH:12]([CH3:18])[CH3:11])[N:19]=1,[C:10]-[c;H0;D3;+0:9]1:[n;H0;D2;+0:1]:[c;H0;D3;+0:5](-[C;D1;H3:6]):[c;H0;D3;+0:3](-[C:4]):[n;H0;D2;+0:2]:[c;H0;D3;+0:7]:1-[C;D1;H3:8]>>Cl-[N;H0;D2;+0:1]=O.O-[N;H0;D2;+0:2]=[C;H0;D3;+0:3](-[C:4])-[C;H0;D3;+0:5](=O)-[C;D1;H3:6].O=[C;H0;D3;+0:7](-[C;D1;H3:8])-[CH2;D2;+0:9]-[C:10],CC(=O)C(CC(C)C)=NO.CC(=O)CCC(C)C.O=NCl>CC(=O)O.[Zn]>Cc1nc(CC(C)C)c(C)nc1CC(C)C
120,[N:1](=[C:3]([CH2:7][CH2:8][CH2:9][CH3:10])[C:4](=O)[CH3:5])O.[CH3:11][C:12](=O)[CH2:13][CH2:14][CH2:15][CH2:16][CH3:17].[N:19](Cl)=O>C(O)(=O)C>[CH3:11][C:12]1[C:13]([CH2:14][CH2:15][CH2:16][CH3:17])=[N:19][C:4]([CH3:5])=[C:3]([CH2:7][CH2:8][CH2:9][CH3:10])[N:1]=1,[C:10]-[c;H0;D3;+0:9]1:[n;H0;D2;+0:1]:[c;H0;D3;+0:5](-[C;D1;H3:6]):[c;H0;D3;+0:3](-[C:4]):[n;H0;D2;+0:2]:[c;H0;D3;+0:7]:1-[C;D1;H3:8]>>Cl-[N;H0;D2;+0:1]=O.O-[N;H0;D2;+0:2]=[C;H0;D3;+0:3](-[C:4])-[C;H0;D3;+0:5](=O)-[C;D1;H3:6].O=[C;H0;D3;+0:7](-[C;D1;H3:8])-[CH2;D2;+0:9]-[C:10],CCCCC(=NO)C(C)=O.CCCCCC(C)=O.O=NCl>CC(=O)O>CCCCc1nc(C)c(CCCC)nc1C
134,[CH3:1][O:2][C:3](=[O:14])[C:4]1[CH:9]=[CH:8][C:7]2[O:10][CH2:11][CH2:12][O:13][C:6]=2[CH:5]=1.[N+:15]([O-])([OH:17])=[O:16]>C(O)(=O)C>[CH3:1][O:2][C:3](=[O:14])[C:4]1[C:9]([N+:15]([O-:17])=[O:16])=[CH:8][C:7]2[O:10][CH2:11][CH2:12][O:13][C:6]=2[CH:5]=1,[#8:1]-[C:2](=[O;D1;H0:3])-[c:4]:[c;H0;D3;+0:5](:[c:6])-[N+;H0;D3:7](-[O-;H0;D1:9])=[O;D1;H0:8]>>[#8:1]-[C:2](=[O;D1;H0:3])-[c:4]:[cH;D2;+0:5]:[c:6].[O-]-[N+;H0;D3:7](=[O;D1;H0:8])-[OH;D1;+0:9],COC(=O)c1ccc2c(c1)OCCO2.O=[N+]([O-])O>CC(=O)O>COC(=O)c1cc2c(cc1[N+](=O)[O-])OCCO2
123,[CH3:13][C:14](=O)[CH2:15][CH2:16][CH2:17][CH2:18][CH2:19][CH2:20][CH3:21].[N:23](Cl)=O.[N:1](=[C:3]([CH2:7][CH2:8][CH2:9][CH2:10][CH2:11][CH3:12])[C:4](=O)[CH3:5])O>[Zn].C(O)(=O)C>[CH3:13][C:14]1[C:15]([CH2:16][CH2:17][CH2:18][CH2:19][CH2:20][CH3:21])=[N:23][C:4]([CH3:5])=[C:3]([CH2:7][CH2:8][CH2:9][CH2:10][CH2:11][CH3:12])[N:1]=1,[C:10]-[c;H0;D3;+0:9]1:[n;H0;D2;+0:1]:[c;H0;D3;+0:5](-[C;D1;H3:6]):[c;H0;D3;+0:3](-[C:4]):[n;H0;D2;+0:2]:[c;H0;D3;+0:7]:1-[C;D1;H3:8]>>Cl-[N;H0;D2;+0:1]=O.O-[N;H0;D2;+0:2]=[C;H0;D3;+0:3](-[C:4])-[C;H0;D3;+0:5](=O)-[C;D1;H3:6].O=[C;H0;D3;+0:7](-[C;D1;H3:8])-[CH2;D2;+0:9]-[C:10],CCCCCCC(=NO)C(C)=O.CCCCCCCC(C)=O.O=NCl>CC(=O)O.[Zn]>CCCCCCc1nc(C)c(CCCCCC)nc1C
137,[CH2:1]1[CH2:14][O:13][C:12]2[CH:11]=[C:10]3[C:5]([C:6](=O)[NH:7][CH:8]=[N:9]3)=[CH:4][C:3]=2[O:2]1.P(Cl)(Cl)([Cl:18])=O>>[Cl:18][C:6]1[C:5]2[C:10](=[CH:11][C:12]3[O:13][CH2:14][CH2:1][O:2][C:3]=3[CH:4]=2)[N:9]=[CH:8][N:7]=1,[Cl;H0;D1;+0:1]-[c;H0;D3;+0:2]1:[c:3]:[c:4]:[#7;a:5]:[c:6]:[n;H0;D2;+0:7]:1>>Cl-P(-Cl)(=O)-[Cl;H0;D1;+0:1].O=[c;H0;D3;+0:2]1:[c:3]:[c:4]:[#7;a:5]:[c:6]:[nH;D2;+0:7]:1,O=P(Cl)(Cl)Cl.O=c1[nH]cnc2cc3c(cc12)OCCO3>>Clc1ncnc2cc3c(cc12)OCCO3
139,S(OCC)(O[CH2:16][CH3:17])(=O)=O.[CH3:1][N:2]([CH3:11])[C:3]1[N:8]=[C:7]([OH:9])[CH:6]=[C:5]([OH:10])[N:4]=1>[OH-].[Na+]>[CH3:1][N:2]([CH3:11])[C:3]1[N:4]=[C:5]([O:10][CH2:16][CH3:17])[CH:6]=[C:7]([OH:9])[N:8]=1,[#7;a:3]:[c:4]-[O;H0;D2;+0:5]-[CH2;D2;+0:1]-[C;D1;H3:2]>>C-C-O-S(=O)(=O)-O-[CH2;D2;+0:1]-[C;D1;H3:2].[#7;a:3]:[c:4]-[OH;D1;+0:5],CCOS(=O)(=O)OCC.CN(C)c1nc(O)cc(O)n1>[Na+].[OH-]>CCOc1cc(O)nc(N(C)C)n1
133,Br[CH2:17][CH2:18]Br.[CH3:1][O:2][C:3](=[O:12])[C:4]1[CH:9]=[CH:8][C:7]([OH:10])=[C:6]([OH:11])[CH:5]=1>CO>[CH3:1][O:2][C:3](=[O:12])[C:4]1[CH:9]=[CH:8][C:7]2[O:10][CH2:17][CH2:18][O:11][C:6]=2[CH:5]=1,[CH2;D2;+0:1]1-[CH2;D2;+0:2]-[O;H0;D2;+0:6]-[c:5]:[c:4]-[O;H0;D2;+0:3]-1>>Br-[CH2;D2;+0:1]-[CH2;D2;+0:2]-Br.[OH;D1;+0:3]-[c:4]:[c:5]-[OH;D1;+0:6],BrCCBr.COC(=O)c1ccc(O)c(O)c1>CO>COC(=O)c1ccc2c(c1)OCCO2
138,[CH2:1]([N:3]([CH2:12][CH3:13])[C:4]1[N:9]=[C:8]([OH:10])[CH:7]=[C:6]([OH:11])[N:5]=1)[CH3:2].S(OC)(O[CH3:18])(=O)=O>[OH-].[Na+]>[CH2:12]([N:3]([CH2:1][CH3:2])[C:4]1[N:5]=[C:6]([O:11][CH3:18])[CH:7]=[C:8]([OH:10])[N:9]=1)[CH3:13],[#7;a:2]:[c:3]-[O;H0;D2;+0:4]-[CH3;D1;+0:1]>>C-O-S(=O)(=O)-O-[CH3;D1;+0:1].[#7;a:2]:[c:3]-[OH;D1;+0:4],CCN(CC)c1nc(O)cc(O)n1.COS(=O)(=O)OC>[Na+].[OH-]>CCN(CC)c1nc(O)cc(OC)n1
